,Q1_Q1,Q1_Q2,Q1_Q3,Q2_Q1,Q2_Q2,Q2_Q3,Q3_Q1,Q3_Q2,Q3_Q3
1970-01-01,-0.10892599638629408,-0.0833607636579656,-0.07745514423090619,-0.08660973710742616,-0.09065760109090032,-0.04361433096717154,-0.07706041603081637,-0.05117519349941714,-0.020559089750844903
1970-02-01,0.08226407280007145,0.11496841762580157,0.10305688871017624,0.05711150862162881,0.07608877826978863,0.08121624051465444,0.03961850020584614,0.0783997014718196,0.06928240801769789
1970-03-01,-0.0019128754704961664,0.006779988133970433,-0.00510030783528777,0.004495178610407671,0.005012009478479226,0.02050699540112434,-0.0010766485065577007,-0.0004035537493369979,0.021314320292229183
1970-04-01,-0.10064928876261695,-0.1199850972144885,-0.13540706099059335,-0.08388575709836266,-0.06818347982001904,-0.07946602174604939,-0.09373380034505158,-0.08719515691207957,-0.072053815652209
1970-05-01,-0.06984937637861122,-0.05276359369970003,-0.07422766727204218,-0.05063166442732965,-0.06289044855013018,-0.07398857911686549,-0.052639495202635986,-0.02604939573520508,-0.05537112753732209
1970-06-01,-0.05989909939995765,-0.07453676170087298,-0.06832315355337344,-0.04944288076490873,-0.038022030084396995,-0.023662948619607962,-0.05331171773636798,-0.020126350143622296,-0.04062301410229917
1970-07-01,0.09369566309153762,0.12353422252132444,0.11071479901465393,0.06561048559209458,0.08954365982261732,0.0956061074598547,0.06863086747743966,0.05795699551822103,0.04850508393245767
1970-08-01,0.09721769541310393,0.07179427646804452,0.07940914203443485,0.05877134267159985,0.04203267865033017,0.03213265244203309,0.04270739136150978,0.020694044510126564,0.033908596559924814
1970-09-01,0.05818447053310355,0.0225741102958723,0.08970683286364566,0.04349261279613014,-0.010983108804346164,0.03664825361046527,0.030680927928739277,0.020301473262867895,0.02702068394919859
1970-10-01,-0.07031013618445262,-0.04950361769260698,-0.06917055371107306,-0.009837001412981734,-0.0071831342279659975,-0.033973670708321344,0.0018254264419087507,-0.013317223715864489,-0.014329333772183619
1970-11-01,0.07122947643684821,0.06105173128063058,0.026606847694037667,0.04899934539962341,0.0691028111652803,0.06173452102663272,0.05051803488364667,0.0486209806039518,0.0508373643333161
1970-12-01,0.07749021977611663,0.0938646347856332,0.06828838416693138,0.04771159064874205,0.06912569202567342,0.08788074722153923,0.04610072522478086,0.06505559006021432,0.07307108717281678
1971-01-01,0.10994849158954813,0.0660054116142837,0.0824861471314323,0.03762040184184716,0.04530055826110505,0.03616064463331694,0.020737305290973597,0.06689078342079877,0.029946713838380556
1971-02-01,0.01813564206078137,0.03126149102120268,0.029116561981037816,0.011247499703176254,-0.001079951158303707,0.0246155511028759,0.012496407674541524,0.010744963677263259,0.005791663045465121
1971-03-01,0.047926840612880335,0.0488956090753872,0.048437226975664334,0.046559138291751324,0.0316450607371342,0.03179785437887604,0.033586243006165487,0.028453771398597578,0.03427211746377668
1971-04-01,0.08219377770978357,0.06549738556100194,0.08387850382087803,0.043737621746699734,0.016147014823248033,0.04529670230428741,0.031106112854233595,0.024294483869401563,0.01705362100971337
1971-05-01,-0.02493238207667757,-0.02382971817526843,-0.050882847079327734,-0.02311595258308979,-0.03257469225889511,-0.025542344134551545,-0.04575173573812717,-0.0473629751668346,-0.03261141584282745
1971-06-01,0.009064678069687337,-0.009197408727031797,-0.05872261867974119,0.013380600444939847,0.00039333558463448305,0.004729570114635309,-0.0019372817310940637,0.004247435388122235,-0.012809022640147542
1971-07-01,-0.07100343131448796,-0.06986550194510813,-0.04627468138487906,-0.033978828534929346,-0.04869984488622091,-0.03347202423154666,-0.04327933622514471,-0.030783701558062544,-0.03231698494874107
1971-08-01,0.054335167458701095,0.0863266527763127,0.07871604941565716,0.026196486175232948,0.04055703008432059,0.057503385548763046,0.044509768290111267,0.015678992509345794,0.03298554895651995
1971-09-01,-0.010088838941657992,-0.010856664729661111,-0.016846116385798943,-0.011844973650665964,-0.012285524166384872,-0.025980918649861434,0.004205296273275845,-0.008325937597802474,-0.020865486275107238
1971-10-01,-0.0560874958096514,-0.06510996596289671,-0.07113222251335578,-0.03864995019762171,-0.049650218309760664,-0.0710949646558263,-0.029374851043395336,-0.03403724409505456,-0.052207848366337316
1971-11-01,0.00432779445139571,-0.014687629768136196,-0.011636619210935475,0.004034202324458544,-0.012793871437506652,-0.03010764750651866,0.006185957453175118,0.0031446686972537927,0.0038047985532695117
1971-12-01,0.0836041294096476,0.11280699132834696,0.13546261607931015,0.07491980473437,0.09662656298433919,0.1058486024519915,0.08435876610528908,0.0861083587886939,0.08608447545396948
1972-01-01,0.07083214116761864,0.044504639445325504,0.09666939886928937,-0.010248119196958038,0.010938262742806088,0.01823549473120532,0.02617592984934728,1.5648695117657062e-05,0.013249910885064501
1972-02-01,0.0521436099215373,0.039882065475259784,0.0012729098781746897,0.040945873266923984,0.023192759010187847,0.027469166876932134,0.02823273443522301,0.012994698324357689,0.03831815250329565
1972-03-01,-0.026375496805718518,0.00682721588507097,-0.02013535277593927,0.010816512506425423,0.018725207180795962,-0.013100940897911847,0.005866415296940698,0.02369656008484838,0.0023701196742338835
1972-04-01,0.0181768499379373,0.0004009507528126778,0.05402725342071441,-0.006459925136500807,0.022577749708065274,0.008596330717576067,0.006348318788962089,-0.0004358198803075487,-0.01661086485081311
1972-05-01,0.012742295852164607,0.031129543879687856,-0.017060832757731716,0.02967220616226451,-0.016771328993081966,-0.009888323705838083,0.04374098147188464,-0.001958995714338605,-0.00020332465446405842
1972-06-01,-0.06648547545643828,-0.05771299369178419,-0.04384278764954905,-0.024811183651893456,-0.03771125831748705,-0.014952501888399894,-0.0021003539124939503,-0.020324353497819792,-0.02621860946913108
1972-07-01,-0.0196403758327097,-0.0017350869002057978,-0.05486775950986931,0.014810282768135364,-0.011724303716830128,-0.030332553565950573,0.017693792109664725,-0.014279403886903254,-0.009044609458286399
1972-08-01,0.05310268371515423,0.03161475486092176,0.05274719810844246,0.028025383756451246,0.060603944885306446,0.04209319050495059,0.037581174789180896,0.05856843915258861,0.027088696777528277
1972-09-01,-0.02301793982862095,-0.06392341934621407,-0.027118541428940594,-0.007510262242237697,-0.022067985023398323,-0.016997731608778696,0.008148042736199946,0.019554167989534157,-0.03214927503004579
1972-10-01,0.02382276907862459,-0.001112033158588046,-0.032968643072016024,-0.017270599137687043,0.006523443672632108,0.006932707684636887,0.01929859160350313,0.022736218535212484,0.015240206205956706
1972-11-01,0.057528093729353906,0.06530710300004668,0.12216588801557425,0.04667370797322171,0.07140951421314189,0.07925647469993705,0.021320976481295682,0.06609297563547585,0.0795081521135958
1972-12-01,0.012254053021998645,-0.007800420012360307,-0.015423901928409813,0.006362099384847528,-0.008738548109601691,-0.011725967099884728,0.033876401032489525,0.019839892430009658,-0.02090296260632709
1973-01-01,-0.08223824325536061,-0.08605245744267509,-0.0663851613855015,0.016454853723529943,-0.0601308120991745,-0.04069762458636839,0.0010673216110170724,-0.02133521853841691,-0.017787282485914675
1973-02-01,-0.043352599304697106,-0.0472361800215347,-0.06722679812941465,-0.03250388084947813,-0.03435217903421949,-0.06148425464873161,-0.029765338916401814,-0.030103194638010186,-0.050009127537529396
1973-03-01,-0.002102855929834315,-0.05197878815767776,-0.016677536685956725,-0.027738159455576276,-0.02333159243233497,-0.007154670866402155,0.01024258037708553,-0.0007839321281579415,0.002738526234042064
1973-04-01,-0.062444859735569055,-0.1066215481851339,-0.09206588777647413,-0.04434481721106019,-0.03585065870203491,-0.05963683483417795,-0.03386306817849665,-0.04019851406454003,-0.04412054184741075
1973-05-01,-0.04485769309392067,-0.051716249157339765,-0.09321546372687675,-0.0028509905062878383,-0.0404689135384816,-0.041226772621354615,-0.014132237896491593,-0.0007085959684183102,-0.01657822798016886
1973-06-01,-0.05207652316034695,-0.04639734088649207,-0.08501790050760077,-0.01647014377085408,-0.01444090466029151,-0.022664406346734528,0.006048157678167607,-0.0046542959080217005,-0.006974332687069735
1973-07-01,0.11630334694694182,0.08470284260381225,0.13604994689559058,0.05633247477550378,0.06152233115502671,0.07215211683713599,0.033772992560811156,-0.0046039123999385865,0.03716629516755181
1973-08-01,-0.01973495327060648,-0.025911690872880346,-0.04262904284118209,-0.03087904136501811,-0.013985398429363131,-0.008547031587901356,-0.04516652901911196,-0.028986589472864567,-0.03463258820569398
1973-09-01,0.12953269358127156,0.0813212660214786,0.1198922456379716,0.0774925312714988,0.08403652874330109,0.1093507923712327,-0.005418955202389305,0.06728380198988389,0.05716472121335546
1973-10-01,-0.010705309773117892,0.0017804244219064317,-0.02440790981021288,0.0031208517318546325,0.017435592894359156,0.018173470361879947,0.012457308225600237,-0.03148048609831041,-0.025140806177154754
1973-11-01,-0.129278535198754,-0.20353260036083792,-0.18074412363134673,-0.11256255147648134,-0.11879674738716989,-0.12318106323263825,-0.09646439488864139,-0.05952861714025027,-0.136350789160959
1973-12-01,0.0005555941378164045,0.016560384541955058,-0.009123222132374932,0.019672248737309574,0.044602156825234204,0.03373610673736218,0.0005216325299322458,0.056073626978036736,0.05188632402142916
1974-01-01,0.034211076261963416,0.08653449615664532,0.053051276317853,0.0013165169721394386,0.02711119231863482,0.039621224309115494,-0.02815130123325127,-0.014768324046759877,0.007197690525153112
1974-02-01,0.019968248264764284,0.04436564575803748,0.03135628179354537,-0.011277568385785308,0.014736788196424,0.03806745019534446,-0.01926128685574493,0.015558233927585555,0.02013393944170528
1974-03-01,-0.034481843378813576,-0.03320736762795349,-0.01277123435980835,-0.02484200421468278,-0.02373942199094583,-0.00971739167357057,-0.02052691488890481,-0.034319055910207265,-0.04080375026179728
1974-04-01,-0.03558938766205548,-0.04223663287919183,-0.03553782357651264,-0.023326145104553334,-0.03188610826869478,-0.021425224478524615,-0.04478243795707945,-0.04377817341650368,-0.07248853454723056
1974-05-01,-0.038439804551700936,-0.05591425688424601,-0.04545894317864568,-0.04022108823727947,-0.01767866442128274,-0.00686302338630535,-0.021567299960554284,-0.02432683854507749,-0.07557348233570033
1974-06-01,-0.02645299772337155,-0.04682671809184043,-0.0322746180611885,-0.009254618788100827,-0.004349495190273752,-0.029651159475757874,-0.012373837377643835,-0.00405228416910527,-0.04332792844274663
1974-07-01,-0.04474600167696956,-0.039390433309794325,-0.05990745135051262,-0.09233392740957191,-0.027385060231129937,-0.057348912508390054,-0.09779094093865388,-0.07822672102704387,-0.08312298273934106
1974-08-01,-0.0811193408163463,-0.07153844240896587,-0.04700956177116638,-0.09483386883032072,-0.0909394431961372,-0.05565967244493876,-0.07365415485609692,-0.10445188794781117,-0.08205013555204446
1974-09-01,-0.12964772522810572,-0.09415807270458804,-0.06718370649265501,-0.11371297247099073,-0.07946403501808298,-0.08688219989819354,-0.14134239138567764,-0.09843922817613028,-0.055928899228403925
1974-10-01,0.17759401360402774,0.0920959306098828,0.15066360877696486,0.22288433031126992,0.08899886425828549,0.14907961783328905,0.21371069108657367,0.10160151439505005,0.09859933363788964
1974-11-01,-0.03592410864691599,-0.015968220443446618,-0.08458471965013108,-0.05672017198510091,-0.028565417155258885,-0.03756700883163732,-0.04934588160304864,-0.052681997620908624,-0.031166701338661437
1974-12-01,-0.028677353755999786,-0.013649505542714893,-0.016445463197772205,-0.03942406700043307,-0.014902625390511643,-0.040241416933633346,-0.018708988320323694,-0.01041292252584301,-0.0016629320260717157
1975-01-01,0.12124386028731296,0.229786280202703,0.32098505219995777,0.08859960383005555,0.16255505321634314,0.25360557556407637,0.09226371008573624,0.21686644535925304,0.21678861015936632
1975-02-01,0.0686583036630217,0.021050437746759194,0.020434281371118274,0.0723237749269829,0.026709543073181047,0.03098080839272819,0.11290055144928302,0.03832439000481476,0.006755818043837788
1975-03-01,0.08701786602063191,0.08326688182562585,0.16603892762219938,0.05495701161479005,0.01489423900454941,0.037084693410133936,0.0028521413350208052,-0.008143883296821199,0.04909666330405876
1975-04-01,0.08054220410458694,0.03645328272195983,0.09065659569670333,0.06227473845513298,0.020306791350534547,0.06472317457176752,0.06270063436744724,0.022938739408928384,0.04931093987593515
1975-05-01,0.061621857612510086,0.04484947415795809,0.048352069517817044,0.02598420057281811,0.04443854939537795,0.06348165560061132,0.05658187134529471,0.06318292383266907,0.029701829811678224
1975-06-01,0.06370734577069567,0.06211752153157959,0.0655291415915172,0.04244507254941002,0.08251445997320303,0.08829153335917438,0.020996783752463475,0.04200821145781845,0.08219629189231778
1975-07-01,-0.08680561751848759,-0.04986898715287939,-0.06373139148603457,-0.06774292057103387,-0.042664452652067274,-0.03730295275876517,-0.08821627758268628,-0.051318324101262525,-0.04669116976898875
1975-08-01,-0.019677191880126736,-0.020421491613230397,-0.05096562915175769,-0.01224621920814873,0.00306997385390675,-0.005747661684555495,-0.029182373926096277,-0.001143028382796193,-0.011339173244270096
1975-09-01,-0.03650629408650124,-0.03819806521132836,-0.05440057373600622,-0.05128888595589049,-0.03619790001623104,-0.022026895991076795,-0.03151041930426568,-0.037754097691822495,-0.016456951525079675
1975-10-01,0.08494374392813174,0.10329955750072028,0.07543349737777952,0.07594927268257513,0.061716251707967705,0.07091541637883701,0.05730953737313479,0.06474699097840347,0.07420010390868427
1975-11-01,0.03766366519505739,0.07343173883135636,0.06136029792997507,0.011061123849442533,0.04506290647016276,0.022474793289413666,0.028573207316546372,0.0276264705379126,0.020818316700019438
1975-12-01,-0.03107108446708189,0.0001461437796091234,-0.004132161377288999,-0.019038153859673813,-0.02711625734139762,-0.0015963870519448975,-0.01847646394564835,0.0007556105758857222,0.011216672069345651
1976-01-01,0.11732924086118084,0.1970298993175797,0.20543643246082274,0.15497176752918193,0.12439406654870228,0.13175351463865095,0.08249786928057412,0.11472078431617855,0.14645581616453315
1976-02-01,0.009550103701109751,0.04930220793293649,0.08384259222303299,0.0011582965372537017,0.0010797014212548376,0.010525551943774204,-0.03774091691207447,0.006660947483545912,0.013685260660000809
1976-03-01,0.012156329096949671,0.006344815071533637,0.022226235318941016,-0.005000191969563744,0.032813225403135304,0.009258573299586858,0.058968960178748725,0.0330812978836791,0.03939089456400674
1976-04-01,-0.02593037727878104,-0.02905642858202551,-0.023055421985220623,-0.001329171310582463,-0.008720554104617688,0.010818680773454988,-0.024421320915044537,0.005274197403396185,0.01077633328377645
1976-05-01,-0.019920606673532112,-0.014566360008539352,-0.0355108927955501,-0.019834374077324683,-0.021223622236062348,-0.01719673407773683,0.014942803515847132,-0.01127601586999428,-0.023316671096637397
1976-06-01,0.050921530236619814,0.07304682078102108,0.05482656897823461,0.027940905174940515,0.04097920873889984,0.04492919303753637,0.04937184538307705,0.030940655767878703,0.027342030455867944
1976-07-01,-0.013704130834285105,-0.004049454534227887,0.009509499546990836,-0.006964931560232187,-0.027420497155253295,-0.0012530539032480918,-0.014643267751372313,-0.0034252471699933434,-0.002432710346834857
1976-08-01,0.00765780087246895,0.003975620288537484,-0.018491222478722064,-0.01943679239208974,0.0031919125025604038,-0.012537333417900708,0.0025329048645175503,0.015261588845284117,0.0046341493275295865
1976-09-01,0.01204112573573576,0.005766048724977155,0.009126985401375538,0.011353680900148468,0.01206162534588405,0.021884127723782582,0.033607540195322534,0.022409052817932717,0.05037192346773239
1976-10-01,-0.03546833913834308,-0.0429752937660339,0.000736808257372391,-0.021348501248925015,-0.021338632910171334,-0.02884995864366065,-0.03360627946832832,-0.004542273797645598,-0.010993160866424899
1976-11-01,0.011105859081590204,0.02856817412699036,0.021581188218906935,-0.02829479878340639,0.014746159403785927,0.023002370328164323,-0.017616605888614363,0.022769341944586487,0.002435365629481168
1976-12-01,0.044257640735576406,0.056125846207136273,0.08055676724857157,0.03145678949028524,0.05213253800117426,0.06848438307715586,0.04825589562010174,0.04552293319101894,0.08696500140666083
1977-01-01,-0.07992059089813253,-0.048051894647110745,-0.00713302384798531,-0.06962617324966103,-0.01938147750604739,-0.0064937600302567575,-0.06297463204997036,-0.014061558194281686,-0.03529970884177139
1977-02-01,-0.02045508734394165,-0.014150583911303243,-0.02383244014976778,-0.007704702282372409,-0.020866048959287297,-0.024531138894497127,-0.018684539168156176,-0.009867768269900452,-0.02640174330809273
1977-03-01,-0.013930791339397336,0.0031371209173796668,0.006769485391057994,-0.020467394092474542,-0.022130550219733956,0.012522253237639376,-0.012711694489514301,-0.011368937794993424,-0.027131585148123145
1977-04-01,-0.00047320333399280927,0.016743138161106626,0.02161043914281864,-0.03759536075435176,-0.002658042269347483,0.032991526889945444,0.004040073260825339,0.007131477714892346,0.022305679391778205
1977-05-01,-0.011026561931050656,-0.0220855455954514,-0.029464878663464193,-0.04422629549428927,-0.035196094934170336,-0.021569476726515102,-0.014985280454762545,0.007771870228209273,-0.005090752429197445
1977-06-01,0.06206232662220981,0.043322107591173595,0.06510059539293268,0.047978808746482124,0.030352127438111904,0.03736887344902852,0.06512658208055741,0.023196661021278923,0.0379410864300911
1977-07-01,-0.011217238781030672,-0.023885763711460242,-0.017557262336381513,-0.019957377372254722,-0.0010295858942568912,-0.028688217308485347,-0.03389256084072248,-0.015637124868059675,-0.019378462233479464
1977-08-01,-0.0016861588978618414,-0.0032711883865279828,-0.026679015674239148,0.001323008661982269,-0.022797266199661603,-0.016212504521498725,-0.023443511122695403,-0.03311878886295363,-0.019372505310468493
1977-09-01,-0.008097801592983903,-0.013139429918977584,0.014178175519744289,-0.018121555196314393,-0.006868221279563194,-0.032442001744059284,-0.004085722908606917,0.01881563800535,0.018130318118264578
1977-10-01,-0.04720569288320411,-0.0341958909512268,-0.04642190684408497,-0.04782909590450971,-0.0458489350158456,-0.047954463052050984,-0.04069345822142414,-0.04495544619372864,-0.03774987626852638
1977-11-01,0.06041779353291942,0.05921599909210199,0.06963475614569159,0.02398910762753426,0.021273645753855687,0.038153712993946376,0.03972414159469644,0.022957421586376578,0.019863286483515426
1977-12-01,-0.006415492384372594,-0.009559408171506491,-0.0036278483488588658,0.0033219236514130442,-0.016327670838226532,0.0038257454875196394,0.010274173422251127,0.0228092122252612,-0.006991594440966654
1978-01-01,-0.06580404179977557,-0.0665897248610674,-0.03638961254816527,-0.0825502814717613,-0.07205473374771247,-0.062094278953211776,-0.06454788084907888,-0.05257758440325484,-0.046338007184725985
1978-02-01,-0.03362359458941754,-0.023923511349364674,-0.018235040919832413,-0.03774917102640072,-0.022913148710173116,-0.03029275254124317,-0.032164158141165286,0.0147299797560514,-0.015779638544748405
1978-03-01,0.03675808862757607,0.05097166998477018,0.040163724504320444,0.018824795741232945,0.03916911073674399,0.07442878772108626,-0.004179033448198236,0.025020492543706384,0.018434936224115003
1978-04-01,0.1335613171575407,0.11252562275209047,0.09916641568753803,0.10217039869576192,0.0861342381472157,0.07316661595049129,0.09526529099320137,0.03984234542991624,0.08415529537779035
1978-05-01,0.014126063487236218,0.04379716326219421,0.046757693602006295,0.028703704864676653,-0.0010228404900730946,0.04284843441993215,0.005807224513903116,-0.01580902247753216,0.029599339034825332
1978-06-01,-0.01980061922297803,-0.02348516775358144,-0.0494362206954721,-0.018251187976126203,-0.028740667855115323,-0.029920579390299643,-0.016904466149358307,-0.01848643103335964,-0.019896913117894002
1978-07-01,0.09007489608062251,0.07505040626865189,0.0774090786222189,0.07686659784231865,0.04768971635806051,0.0718637617874763,0.0372962213015184,0.01893564209950833,0.03552712879761255
1978-08-01,0.02741140054938613,0.05027416242240294,0.07487050098509614,0.02833138644178909,0.033406251795229915,0.032712532951161645,0.021125073647129945,0.028877207502435658,0.04028332469472763
1978-09-01,-0.020104577980803943,-0.03927817124958516,0.003095737978911801,-0.0389626632813944,-0.0034409378714223855,0.00011267548953765565,0.0071898928723809945,0.00959290865363887,0.030365672099486294
1978-10-01,-0.10602305637968308,-0.1410704321864221,-0.17683659749948522,-0.07785050268145405,-0.10246743286498125,-0.11031234446818312,-0.08346066637464138,-0.06472242347578945,-0.1127850676676925
1978-11-01,0.020138686919679842,0.042009450628596845,0.05258864455679609,0.02566597200719542,0.02922477262888152,-0.0003127376818594513,0.031260574828731534,0.012796339194154021,0.0010334955449320306
1978-12-01,-0.005790573252529061,0.012121262271355017,-0.0028327729251704983,0.012123733296743417,-0.006631273193304827,-0.0037225900007286095,0.038738184113217784,-0.006635760806891712,-0.0019276308113648387
1979-01-01,0.07100695681566206,0.04963800740744892,0.10394871115251479,0.03596864092502944,0.06269139433804904,0.09313133006218398,0.010825710189648825,0.039962836221328596,0.05529831062047193
1979-02-01,-0.06906783652630193,-0.033346637181583566,-0.06151688097048758,-0.04147806309028853,-0.03722728335334666,-0.02957421803844055,-0.03246533090502689,-0.02071732289876422,-0.018261246129951746
1979-03-01,0.06948709934497536,0.07101186893692543,0.11079993074953685,0.061749135674082634,0.06885109305506007,0.07984743750762922,0.030566166745015753,0.04417045779444834,0.04938125836544102
1979-04-01,-0.0194930049202658,-0.0038485099383047837,0.0306814217862107,0.001843656132825111,0.011421188521939383,-0.001160112382183805,-0.011013633678950379,0.007930432111468187,0.008038652430261709
1979-05-01,-0.03640403117625627,-0.035505926933846084,-0.07800179841021052,-0.025336076712066904,-0.01889944535701721,-0.018734673788714816,-0.019939254141079957,-0.03865929025084238,-0.004913337523327689
1979-06-01,0.04437453088767751,0.05727653297310417,0.05554545749262757,0.018140829178954068,0.06762586301388854,0.060782241070489074,0.007399661366021083,0.05284223906628385,0.04164314887239695
1979-07-01,0.020001903343656716,0.023979354072485984,0.04612133625303698,0.003868125538044954,0.024608878952300538,0.02525495940838697,-0.012706581894399879,0.01651360787998294,0.005721000902525636
1979-08-01,0.05465587624031542,0.06216391492388726,0.11617195410683132,0.06773338674319172,0.07972629631935885,0.059495671731029764,0.04521878742051362,0.03919614617079467,0.0666143184005527
1979-09-01,-0.0005073722554749848,0.0029202064569165825,0.00029497217175683196,-0.013349927567208493,0.012510512325190353,-0.004286458750543981,-0.01722223706720299,0.028309445773804412,-0.0015387145308543397
1979-10-01,-0.10129453505645204,-0.09381398448147649,-0.10272608287490559,-0.07973311696108902,-0.05507078824282413,-0.11395795406257644,-0.058771018633591646,-0.06053066839010714,-0.06134068696324368
1979-11-01,0.06736690083879242,0.06373010241623506,0.10398986627679374,0.03264899952360284,0.03155105145497106,0.06600884068791978,0.0431308845797015,0.03452504688057583,0.03896127613293735
1979-12-01,0.04750914150678255,0.05630440483485833,0.10557655487619946,0.003636048436846496,0.03328828438504654,0.04688603406492909,-0.007849687814300529,0.001547517156383774,0.01595117539337291
1980-01-01,0.08439242379451331,0.13052297441432242,0.15634376882634254,0.04387027974692108,0.05246892646267865,0.0955622000252104,0.04925779091677037,0.06700855516531032,0.05489783905668089
1980-02-01,-0.02468420510306206,-0.017216689071093975,-0.010502902179132528,-0.018420209040971636,-0.05298561498865817,-0.036820153778955304,0.04262433740187495,0.03154552883649661,-0.02826168726214908
1980-03-01,-0.13805844064620962,-0.12275166006541297,-0.17373383155463487,-0.12736751245832267,-0.061548416731608005,-0.06209455122896069,-0.11740959964937223,-0.05740200417994966,-0.03954167110650177
1980-04-01,0.011276989538723959,0.032257260852700156,0.019554384709614812,0.024024997153247886,0.024573816486906562,0.040158832573185116,0.034340751077414015,0.04546646687031554,0.059386079873573375
1980-05-01,0.049389378094847586,0.08442909922719179,0.08651741433060638,0.03779924308929493,0.06915415354383705,0.06837058524110202,0.035353798725484234,0.06310162445231189,0.055985404492048585
1980-06-01,0.030907485127697597,0.008207541286850584,0.02783164195957338,0.03618134520987902,0.01497472823705382,0.03560343334064377,0.026643922472597236,0.02263654046107723,0.01741108800984186
1980-07-01,0.09155292167445313,0.10427661828932534,0.145348496991575,0.07419582790721757,0.0945381332238832,0.0771017219812824,0.05613953336984753,0.04559459422596105,0.035531047989558986
1980-08-01,0.02038232911389685,0.017215553043426122,0.057789313358154515,0.008275390840376401,-0.007290690281706834,0.008541312117501244,0.015440466000786239,-0.009985293278414513,-0.013060310148203937
1980-09-01,0.029287777056122212,0.04271678773332539,0.06378007075022205,0.041332851723032825,0.011457661094227873,0.006948487129837994,0.024331864443535675,0.008168453031444142,-0.010837693963670923
1980-10-01,0.011968863185144821,0.007607713190598253,-0.00035884914519560517,0.0014924118161904233,-0.009624350071337336,-0.02592155330756555,0.039302205357271434,-0.005050231941707469,-0.02454271784635261
1980-11-01,0.14410460145915457,0.04734416307444595,0.050195328932111996,0.15512258191724723,0.07345765424239999,0.036850774028156806,0.15420101286435614,0.030713217075778232,0.008611428444100943
1980-12-01,-0.0586762288637339,-0.027854387198430586,-0.019120257272959785,-0.04963703273619032,-0.017640645530681155,-0.006299187067282332,-0.07773496711916128,0.027333654041143116,0.049025733459112965
1981-01-01,-0.08267458088291371,-0.033470621127028546,-0.03216989630344041,-0.0834965688116161,-0.009905150374809968,-0.0017519821819166944,-0.07516875550472504,0.028590647632262593,-0.006047903516581715
1981-02-01,0.0023715245231053193,0.01235084362251748,0.05167688739898621,0.003391491872224062,0.03857179170782108,0.02602583378180475,0.009883756251464497,0.020370053417996067,0.03618730417761222
1981-03-01,0.051667747906143965,0.22524922542083625,0.0752965925266487,0.027326498552222946,0.060687818898991164,0.08099856177419747,-0.02320220555916317,0.04022472822791161,0.053231707952353643
1981-04-01,-0.04146098265113056,0.0022015956627047945,-0.018469928123389535,-0.03153084126832572,-0.009774558367222741,-0.0024639634932856515,-0.05694642461280869,0.0177796073819717,-0.0037426005934350004
1981-05-01,0.0019433916566353147,0.0025983455441723445,0.03942273731028656,0.005641251404495718,-0.020054062014263244,0.0072934727758800985,-0.03642808342912246,0.034206750051690965,0.024890449555467476
1981-06-01,-0.0322486300404494,-0.01927372523649007,-0.016055336460042206,-0.023735812248686025,-0.017028354959306657,-0.027731614684525598,0.001361863500385788,-0.014640043906490645,-0.009971361982923125
1981-07-01,0.040873517546194386,-0.02681284825125846,-0.04570792170056791,0.027637317169220077,-0.05966280243470287,-0.04489593179046297,0.016453249347984186,-0.02524501070574268,-0.04517281717155362
1981-08-01,-0.08045437855203882,-0.10253816662511615,-0.09128638159666419,-0.07811302997604803,-0.07461733061932746,-0.06592462708322765,-0.06391848340112836,-0.03286499867708217,-0.06507741340869212
1981-09-01,-0.07934686404690355,-0.06705879343753886,-0.08197590062919353,-0.08889544399413118,-0.06984355412879015,-0.04790500624123877,-0.07955398168272816,0.003861026760336868,-0.02148931599343036
1981-10-01,0.14821940310054485,0.03813968479133248,0.054169931627737825,0.07749665936212945,0.016223567318999127,0.025253336493642357,0.02479578896662639,0.04465996163993065,0.024687716566952768
1981-11-01,0.03568298686129793,0.048277249359169806,0.04065686056028247,0.03241149366309396,0.054979618986540704,0.02773737764629723,0.054454935034445734,0.023822179329759614,0.010488765008087668
1981-12-01,-0.04603386594597139,-0.03909770623026171,-0.04077022332856255,-0.04575865019759835,-0.013454494788723213,-0.029197388087575053,-0.02902048088283321,-0.03598865124260437,-0.025939378237013113
1982-01-01,-0.049649435263580725,-0.03272359458520342,-0.05600748267730645,-0.042914781903258335,-0.04412972438586217,-0.015315320876128346,-0.005486848338083898,0.006545970418224786,0.01566447007780819
1982-02-01,-0.12235107491934671,-0.04382391038400769,-0.03178457065641071,-0.08845652061106354,-0.031578688006596016,-0.00524564595146015,-0.05307759860918022,-0.03291677483714475,-0.020525556613896292
1982-03-01,-0.05381666510385262,-0.044003115880332025,-0.017882955281914133,-0.026883853449752144,-0.013414992766002757,-0.01599284513520935,-0.012299732171390146,0.011318373725463945,0.04656582722615031
1982-04-01,0.06765605217238334,0.04362305624138646,0.04669465642595469,0.038221127137585,0.027083653836505496,0.05135124307806405,0.028563886731685077,0.01076931469594382,0.025842084479253867
1982-05-01,-0.049864685718534245,-0.08204080057745038,-0.0656354923052114,-0.04207711724546562,-0.05622544860506403,-0.053878590287561416,-0.01316350008916585,-0.024082661806839795,-0.03933860219777665
1982-06-01,-0.039815286375324443,-0.025170988104701676,0.0362536795684593,-0.02114713725398085,-0.011007064759872556,-0.011210280921502844,-0.033777315795588625,-0.01799292897544011,0.018753303536939672
1982-07-01,-0.06291745090466815,-0.01498424896743384,-0.027352220032232914,-0.05110079163385952,-0.04389660596217922,0.006511144991079522,-0.01082367465327357,-0.014576568505984211,-0.03853070946109653
1982-08-01,0.11210741007545155,0.16810241030560769,0.15429329103971595,0.141060401388189,0.1360143440591789,0.12568656990306315,0.11204189697713095,0.11007581455023664,0.12981698252094448
1982-09-01,-0.00281379410256858,-0.03932965113213802,-0.0002488485736117886,0.01978357518901454,-0.012708101001315145,0.01521308335599926,0.007867050028599583,0.009532970497633476,0.019626660360301387
1982-10-01,0.1452037341872699,0.19310746489912486,0.16573601440285915,0.10345673816200651,0.12693734351164168,0.16328162454143708,0.0747839827748775,0.08251729950171231,0.1422285557445126
1982-11-01,0.04608861900462399,0.09213389956380288,0.09707135279448095,-0.008752925085242313,0.03447750166809793,0.07033222279505258,0.04645273001356327,0.024585192113078216,0.03614790147469332
1982-12-01,0.034611171216777606,0.0077532369887961085,0.04476518429706185,0.013372241065148161,0.006757349073185708,-0.022078406512731092,0.04858086925678856,0.005358874692770397,0.0014673234907878379
1983-01-01,0.07290491510063846,0.04750409198549334,-0.008981856264705733,0.06385649831486093,0.030359844188043304,0.016436076849188092,0.01587875344451719,0.0731012996168213,-0.011754147112161894
1983-02-01,0.009400420145104251,0.0496982263031726,0.057921346249356756,0.029095290013552298,0.04243375603127649,0.05565216492749091,0.003466759935559549,-0.0008189293665663852,0.026699960355208125
1983-03-01,0.0029095236939641785,0.026955590851885272,0.05370828589591716,0.045964621345240674,0.044111300582005866,0.07875753294986534,0.027386007942242704,0.01327538665185041,0.04749035628393667
1983-04-01,0.03439431928918888,0.07012827382833678,0.0972789359443001,0.07869069028644675,0.0678699621146434,0.08913810411994678,0.09304954288993633,0.04761031304477545,0.07076918016024271
1983-05-01,0.043753247951105606,0.007337245866172931,-0.019377237291228224,0.022662427930574085,0.01661501556665548,-0.025312675741762984,-0.04492548746378587,-0.025278941738510276,-0.04497786003779208
1983-06-01,0.06029141988520467,0.01990369861853503,0.05631260697091606,0.060898530054137215,0.004782332041383863,0.04967335520378751,0.05132686295286036,-0.023838627561755775,0.02497844191898604
1983-07-01,-0.04185527098916274,-0.04309558275826171,-0.0454216060589023,-0.0432749537195181,-0.0364021855064706,-0.018177402009575683,-0.026559760942025504,-0.015530645129298604,-0.03507531822261964
1983-08-01,0.011723746644824284,0.001339814902287865,-0.039175918086840615,0.0297802224595187,0.003699765185143744,0.002131903857736604,0.02618450650858507,0.03679131695660024,-0.024076575222233866
1983-09-01,-0.008481360688975731,0.00551840919742803,0.0023290570327595883,-0.006941120256751972,0.018198341266575376,0.026239072360564792,0.010388854387768372,0.017201762327513154,0.04966726342396687
1983-10-01,-0.06813289919326534,-0.047118442787651316,-0.010605861793352971,-0.023639012509765522,-0.002474544885958315,0.0008981122028315124,-0.008606368316231197,-0.0018745872919248494,0.031102707796148644
1983-11-01,0.03367712550322858,0.07471222330361665,0.04094252903270252,0.03019812552982059,0.051401539805045526,0.03331262269159964,-0.007184930117846951,0.0030116320463455856,0.0015511115783593769
1983-12-01,0.0024928278715310353,-0.005435925927059349,-0.028972911848612563,0.018452507315028135,-0.008566593066800824,-0.02027053163890724,-0.004740701214799454,-0.03347501478090738,-0.02475137151002521
1984-01-01,-0.032112497966927674,-0.04140176805949151,-0.03793024915766604,0.037748526978072336,-0.041537823822180915,-0.03515850968721444,0.010508632328097636,-0.02047278251429518,-0.014604038409267803
1984-02-01,-0.06581239526837183,-0.07046839229892769,-0.0632961109592197,-0.05478425447710117,-0.056010948890172996,-0.05271657909876518,-0.0007430553478298789,-0.044827659374729475,-0.038017926822381455
1984-03-01,0.01913514981011674,0.025495446830409205,0.027016916832328625,0.03766953812069637,0.031440491719201866,0.024556262405269855,-0.004676111087199953,-0.004110163373449621,0.0177008203835188
1984-04-01,-0.004504122036745319,-0.013274775852269187,-0.010838784299104683,1.6414624490096105e-05,0.0013577731885552405,-0.005087393897460251,0.013863696733401498,0.010179598092877589,-0.0002673852227465818
1984-05-01,-0.07651326186144317,-0.08056113487066764,-0.07465051576962142,-0.06671346582295729,-0.065829041291442,-0.05200870363547709,-0.054995868139882526,-0.02570532244750314,-0.04119399163532819
1984-06-01,0.022761011515989645,0.03689344161361565,0.025624600108259205,0.00589379217502123,0.019848868330395227,0.04229996807864628,0.006102439571124569,0.015291757592089918,0.03925906838389736
1984-07-01,-0.020288497619800346,-0.027678702333122245,0.006731693690451956,-0.03885134361789036,-0.0024253885293378085,-0.015835018549593648,-0.05965414858538057,0.018514012377659254,-0.004085826117777082
1984-08-01,0.12788752293147054,0.13178487705046346,0.1144761001677079,0.1210005740225801,0.11270112349629367,0.11503547911575544,0.10719242914390051,0.05887854745904203,0.08844261925299378
1984-09-01,-0.04215417885620999,-0.007387799642612278,-0.026678619130747306,-0.021097696271413127,-0.019351636922231692,-0.036454910330623244,0.012400191708039451,0.001978271280532802,0.012888090102643943
1984-10-01,-0.014857040786583122,-0.0014761663436725359,-0.005473213560435241,-0.009532727391425562,0.008092992760021381,0.006939882535576104,-0.011040344053144094,0.025211806964418514,0.00804878935137192
1984-11-01,-0.03464646249010249,-0.01121596386336974,-0.009648951942889528,-0.026408361269958283,-0.011311971494356799,-0.028907177043024288,-0.01367990561029847,0.0055061754482600015,-0.006580075086988545
1984-12-01,0.029254921323605892,0.03881605608724276,0.0437615715408577,0.008894065421782699,0.026902692109207548,0.02288281796273205,0.015600973846118311,0.01724286751610012,0.016844594883675856
1985-01-01,0.12045940618262224,0.10230316420549757,0.10789378993899168,0.08537025418681435,0.06122124055646307,0.10173507131488134,0.058013986523835444,0.025761617283735744,0.045172497567760504
1985-02-01,-0.021114228464682364,-0.012171415876758485,-0.003958062209395813,0.01467580646960956,0.010246574159323195,0.02115624065900784,0.011960805323932247,0.033754330126583645,0.03182199048199153
1985-03-01,-0.01812370820252094,-0.027517986367506814,0.003498696612229656,-0.009953977284704357,-0.016898754459676986,-0.022071725847903952,-0.0028167107575934455,0.0510429230231446,0.025179493630194023
1985-04-01,-0.04024463960339967,-0.017079750840610947,-0.03319597490842919,-0.004410265146726669,-0.02213343779723681,-0.007485231040274549,0.003931985804950598,-0.01356793749285278,-0.017630125632366347
1985-05-01,0.0764581551103095,0.09300369225328142,0.07118878391179949,0.04894823982231248,0.07360919017404266,0.08032214168799294,0.03556296434021922,0.06535454075535739,0.08562638633966589
1985-06-01,0.003269714039881178,0.017171840019305787,0.03986494656443306,0.002283842815367439,0.016292465734341108,0.008921012078726236,-0.005528698216202978,0.028436098870253966,0.011059017808019761
1985-07-01,0.03181900504863824,0.0025839656911691615,0.0033885992104449704,0.008362840590225438,0.0008664689308197793,-0.024440542716057775,-0.004037049693182159,-0.03570212870705751,-0.014714151495864854
1985-08-01,-0.012488908006924867,-0.037739830603745174,-0.010044870240102357,-0.01870676121778307,-0.02561101362068597,-0.005928083496312195,-0.006538185504410739,0.00762301923380067,0.006301868914805013
1985-09-01,-0.06390682407269394,-0.05649317516962283,-0.03972658137854973,-0.03952050910742532,-0.04659666342971413,-0.050196358079392656,-0.025418632947102553,-0.007505089725831242,-0.028990819319241537
1985-10-01,0.03517841788223734,0.032447393873114266,0.06408781538846033,0.019586426643811876,0.0516760331629016,0.04953308094321283,0.0468221677882849,0.04007203640030869,0.04494795594533792
1985-11-01,0.06994611067114022,0.07902739686150548,0.08466732583228466,0.07358825411987514,0.0681121864696058,0.0654479899634725,0.05865241466781046,0.07572395180556589,0.06901994748123437
1985-12-01,0.05618885250643662,0.03788848470705327,0.045277258867096916,0.06328334863253031,0.04568672542373495,0.0539015009359906,0.025764867749347747,0.043097979570610186,0.038564701335356104
1986-01-01,0.025284154414467505,0.019489865945020775,0.04452729324438891,-0.013382706454718295,0.03139861686132076,0.016853938592880768,-0.04102131235965043,0.022170943156923653,0.016836480346981875
1986-02-01,0.10993102289925824,0.107078020732246,0.0875083757317474,0.04719347570521177,0.09578539852907174,0.07024214242650452,0.067142304830479,0.0857977239094994,0.07768282314705371
1986-03-01,0.06098084430890418,0.050523089784384904,0.06515206349460939,0.03311079793999729,0.061827234496097984,0.05612279889172386,0.06527229692528326,0.06668716141936851,0.04768376663681932
1986-04-01,-0.05219952633190725,-0.053675080481547344,-0.03582152018807505,-0.010789377958211386,0.010327951998521418,-0.025144973145755166,0.014786963386241293,-0.02105692396742843,-0.04295359151236834
1986-05-01,0.046109901237382844,0.044531149402258836,0.05947009195688213,0.05867592535467424,0.07031531140704475,0.04683210228659344,0.04350823819565615,0.03923483745351334,0.05321933018144306
1986-06-01,-0.007291651598667234,-0.006964078387927208,0.014035407284478565,0.014277403435453386,0.0350395625902957,0.023456532855424844,-0.0020080115847475807,0.0406748838974486,0.03605798529087614
1986-07-01,-0.08632472677284135,-0.07806145322402498,-0.08129400033518057,-0.07893662051888553,-0.06264882075979263,-0.06991892104755287,-0.061970347397453315,-0.023596362228900818,-0.01608642895245994
1986-08-01,0.08820217842468323,0.06870592432167213,0.07838872340817726,0.07426142804347294,0.06392201647202689,0.05426977395647758,0.08169057164598592,0.06709768933716115,0.05052716981586442
1986-09-01,-0.10698235311120866,-0.09386005273701667,-0.05378128178847973,-0.07326706575763517,-0.08930924548423716,-0.06686739368982861,-0.048210787746994936,-0.10418009719283147,-0.09883158047857266
1986-10-01,0.06530277438530974,0.09862967589659707,0.07193539992889078,0.05229468531567782,0.06579633474256086,0.07520334167879628,0.025200867228897014,0.08011518624294911,0.061042888880553696
1986-11-01,0.02010102733783534,0.023830970514358098,0.0316016892711944,0.037365900558411845,0.020415170038359114,0.00775373041788737,0.029833744252696373,0.017856221007771605,0.011994413429529376
1986-12-01,-0.04507615606633897,-0.029170151793207824,-0.04548313216399714,-0.021034892956541186,-0.024302564227836727,-0.03203141857291757,-0.01960490145160207,-0.038244176084350726,-0.043767923772467195
1987-01-01,0.174658697576377,0.13477307155157525,0.13605859930932732,0.1645680713480209,0.14841839355942898,0.1633756628354283,0.10586517082515177,0.12932240198961412,0.11306773763493849
1987-02-01,0.05848154656290798,0.06401551763298094,0.03791668930944995,0.05670300575829229,0.059597600361402894,0.06398402095900835,0.019243383216090697,0.033643852926316914,0.04961969664570625
1987-03-01,0.03920403198882645,0.014906539492196912,-0.005409781334417479,0.016745553947464478,0.02161527321564269,0.019202301953240155,0.025960254760716655,0.041647250173581236,0.01937281487699985
1987-04-01,0.018992709841364832,-0.01631475948595155,-0.004180301160343516,-0.0013519849805713755,-0.011523898195177358,-0.020448941015325156,-0.006864412274486871,-0.030384213359853102,0.0018154827454551275
1987-05-01,0.010331935202390344,-0.006622455788146821,0.021168073128806468,-0.010068596640542587,4.774777688428943e-05,0.03204431034919568,0.006365935918316204,0.030669913128034836,0.025536642615143924
1987-06-01,0.03777573611686632,0.0333112050459296,0.0663660330613532,0.04484958989418024,0.06326922575154474,0.050715806414811174,0.05247568556531955,0.047474497003097665,0.04169689050707558
1987-07-01,0.058015200559150944,0.0714330083965525,0.0858644562929308,0.05077798616099251,0.07069126112369672,0.07519153803355472,0.021261018616146574,0.039257690384459996,0.07707083396132117
1987-08-01,0.06630896655625912,0.042067642471634324,-0.004153545792454166,0.046178428833389275,0.03409187982512863,0.02605861344403995,0.04248933625495923,0.04076882534279557,-0.014818707836168427
1987-09-01,-0.021318191558207526,-0.05101159766015928,0.021705525528833692,-0.015461295251093118,-0.027705704191041115,0.012356486392041545,-0.02626841078936767,-0.028779375613501135,-0.02109707719133151
1987-10-01,-0.26908657619178133,-0.27390011447103674,-0.2853297220131027,-0.23749506677865787,-0.217670438638687,-0.25817152570467256,-0.13138841131575296,-0.1719352429773554,-0.2528974037465171
1987-11-01,-0.09443236220328091,-0.06729960816892058,-0.032428419785107666,-0.08543235007082774,-0.07224652399052747,-0.0735005579401102,-0.08323054464876137,-0.09882914483986976,-0.057145622863968244
1987-12-01,0.14618065902941868,0.10882418889230829,0.11755116425894281,0.08110964780028519,0.09799057137744153,0.08549268784880201,0.02662951211283472,0.04696793207283814,0.07040685848029626
1988-01-01,0.027239353859453915,0.0606646378431607,0.018469595303555797,0.027023627454491852,0.0364839309450883,0.0267993476594479,0.0955370648042211,0.030765774821479658,0.04499659728367608
1988-02-01,0.07620924771278975,0.07587303835318679,0.12735035837907,0.04537436513789164,0.07050985275630214,0.09765010029395627,-0.004681838727927483,0.030653507637486622,0.06549952910295023
1988-03-01,-0.03828357678553221,-0.017174474254348256,0.008727220670695729,-0.05508469481081164,-0.021741225818731186,0.014503630688501388,-0.044067422515249866,-0.041422148594453506,0.005077856008906162
1988-04-01,0.010500822216061453,0.007586846735592324,0.022686125088319277,-0.010501521943081269,0.016014277373251187,0.020829839661120536,0.005925944305082555,0.013985602028770874,0.02069342057626293
1988-05-01,-0.015680804138898812,-0.002988219932050448,-0.017147352780128654,5.7289408431776545e-06,0.010871649463971646,-0.003788160064555456,0.030560128202992247,-0.0028915661673996167,0.005642669079247438
1988-06-01,0.08648820701917283,0.05979158636447322,0.07677836443844623,0.038805173500729796,0.05274940562266181,0.05481045861267786,0.022447619305355264,0.03615617865699205,0.020599097410228133
1988-07-01,-0.023676609694359245,0.01034802611130821,-0.00894373678275064,-0.011974981460106093,-0.015756763595523936,-0.016989845661063076,0.0060195716118629505,0.006395456394689001,-0.011777989506722281
1988-08-01,-0.06790721048718776,-0.028154717880095718,-0.03995086061428019,-0.03399512940649109,-0.030123521857448404,-0.0549854013065215,-0.024597462421991432,-0.028181314258617144,-0.030918579283972285
1988-09-01,0.03629051294682984,0.04785527879038217,0.028122481323016316,0.0660428516906696,0.031042983992884392,0.035423085760121556,0.03264684841316526,0.0278082815065152,0.04500588731728892
1988-10-01,-0.008002952696504292,0.016069230935263763,0.02390283735322741,0.043447035988809814,0.04725445141182837,0.04249820798286899,0.026412065134327315,0.015532516023281939,0.00838369313878988
1988-11-01,-0.03638731033922498,-0.03856627913834036,-0.022815797170375712,-0.006430341814778428,-0.02458576339183011,-0.014168903356210837,-0.019046657833577174,-0.007602789491089698,-0.023473293557375322
1988-12-01,0.029801678221797114,0.018453246001671607,0.040076574015371465,0.016911784140951177,0.0076188125544845685,0.00899468857702941,0.00870569419186134,0.004297674702305833,0.02438958523156058
1989-01-01,0.07743804374487812,0.07923665248452794,0.10959263713294742,0.06827453634103083,0.07463019556668458,0.07958789001263239,0.056850000193712606,0.07014766451760701,0.06599586989814182
1989-02-01,-0.04849583392227875,-0.01270179286820142,-0.02308732605443198,-0.040259515907676506,-0.034193145747667165,-0.008987473519922885,-0.04034399325496471,-0.02470607252054184,-0.0018632575158437307
1989-03-01,-0.015254277648875145,0.019155284125688114,0.009418278270598147,0.04054077035408736,0.014501418472694531,0.013826025701101852,0.004251312250372632,0.040906188991201804,0.0465938574977909
1989-04-01,0.053212799517393106,0.04319436027132542,0.04397512918241235,0.05637684706503718,0.03851688195668663,0.049341855999955345,0.04717752117869553,0.05179926351595196,0.025437305305448948
1989-05-01,0.044682681525337525,0.024872157371991024,0.03545463545911837,0.05442623061537258,0.026990368879905493,0.03015121393803823,0.03601309424755755,0.020030515750981664,0.03520121268192304
1989-06-01,-0.03205638469612971,-0.0017219883491212578,-0.026174988915700435,-0.01993033156434133,-0.0049469097711708,-0.03516346585780969,0.0014555846060268444,-0.011264716244060526,0.014398867110568323
1989-07-01,0.0717854105716119,0.10084189921202513,0.0974585303875842,0.12066997983156563,0.08586138241227069,0.07678883740643869,0.07046926871770813,0.09170049304941372,0.05495238984227254
1989-08-01,0.02800333262315396,0.02518185578712256,0.057307627312196296,0.0027290881843734967,0.052247086033296,0.07495529434929024,-0.010295180045471173,-0.007139560369380657,0.021362178653417493
1989-09-01,-0.027644270941235727,-0.041753224380585006,-0.04072556536634224,-0.00026365273049009427,-0.041880409365395596,-0.024518243202071875,0.007405560134994288,0.018949764696177165,-0.029533429128995817
1989-10-01,-0.02873057859119852,-0.05878104278988949,-0.10009719770837651,-0.028908586171751304,-0.05122091834433189,-0.04486112403860843,0.0033654353575638335,-0.013241685947294274,-0.020897433531934254
1989-11-01,0.007884560888810998,-0.004534889526550236,0.0464843726932386,0.01744188348488887,0.014405276107027978,0.019247549739469516,0.015721208027095483,0.02841860553555804,0.00797028750787556
1989-12-01,-0.010580187734468154,0.009396944167862777,0.004326672460967529,0.021584892283367935,0.025933636663069266,0.013925902932708716,0.04890562104064004,0.019220201088482016,0.017940251264489126
1990-01-01,-0.05272845245038453,-0.07221572471329146,-0.06336756927401921,-0.06937663245957591,-0.06453904951615178,-0.0658110276093295,-0.0908060511120044,-0.05666782434005007,-0.055826891509116086
1990-02-01,0.015458614794335426,0.027110293336876472,0.05548391223466116,0.003375583242626939,0.0236099853760009,0.013922893591018566,-0.00262375663531424,0.0008860239818082108,0.01502271838260947
1990-03-01,0.029122694020602673,0.021368785198299038,0.057680377277131004,0.03490170330050971,0.030223371586915616,0.015359469293796515,0.012872098105137467,0.028002955242141556,-0.0017312755900975776
1990-04-01,-0.022064614367766022,-0.03307181766926956,-0.042628897832436424,-0.013513038998842333,-0.049681187589441705,-0.05998787143331635,-0.027001589091069745,-0.01888753547938996,-0.029802698414663896
1990-05-01,0.1170807976227092,0.09860936413048071,0.10075686227838117,0.0919817120616225,0.08402104284769396,0.09863834108459409,0.08878922196396818,0.09238321806882997,0.06345472891288144
1990-06-01,0.011250166650365028,-0.022058674485764228,-0.03196840971197752,-0.007109762353514232,-0.015698638161568527,-0.03489933326375859,-0.011978845393112884,0.014160570362615324,-0.030174941075705567
1990-07-01,-0.04630983596717781,-0.032065261784365216,0.021947074364280537,0.001913523271544054,-0.024294043603564384,0.019683488619412017,-0.0016557705210943656,0.020510046232477763,0.013536492397611066
1990-08-01,-0.12510269927133744,-0.12925338787257645,-0.1576195937858592,-0.10726100905216125,-0.1271555788587273,-0.07913941869998373,-0.07684273950647863,-0.06808892766423212,-0.07264874171735214
1990-09-01,-0.0899542623398669,-0.07535454804979604,-0.10615707192900446,-0.08425810662310608,-0.09077500066363267,-0.07290309629323387,-0.02226658374351391,-0.0018871189112269074,-0.060134127385664156
1990-10-01,-0.03253789024797265,-0.05259055294871213,-0.08065002452924852,-0.016752199748708573,-0.026718356332977047,-0.02735115955748643,0.035342126802475275,0.00924664670979489,-0.06017255041999934
1990-11-01,0.055067240392403294,0.134530247478382,0.17722884836421676,0.062307266635596104,0.07925489434932469,0.11099328024036544,0.04963400183277583,0.02679974474123909,0.04778103614971713
1990-12-01,0.04783039242802375,0.05923285428357256,0.06596825195205708,0.01876790473259847,0.047749338475337744,0.028821293804407566,0.01426136724415934,0.024484535807946926,-0.0045863581253257745
1991-01-01,0.10934705711051904,0.10036228132211028,0.15514838233378556,0.05904933539529397,0.07594157362769749,0.10363793743202686,0.021151973209026616,-0.013404736467215947,0.004478686505441398
1991-02-01,0.06480458640958797,0.09962865339929004,0.15820564308794818,0.06842920021042062,0.05433571373348916,0.08129764983007767,0.05352308755837519,0.0716220129284211,0.05961445272610551
1991-03-01,0.01952118268251448,0.04206802309011375,0.0512591553074429,0.03029003186688574,0.02561602348776909,0.039904336198411376,0.006160574407492067,0.024015375191524982,0.020467499237145803
1991-04-01,0.020632900002813346,0.02191811318239715,0.02625827840644932,0.005178067086531307,0.003213767107546281,-0.027354056476035872,-0.0146278671028389,-0.0017362258156761162,-0.010507952825925738
1991-05-01,0.07753191811751448,0.06503165547372664,0.08364982726036219,0.054713119696556935,0.07210748871786182,0.07116054976453112,0.0014368274687887907,0.011050132115551604,0.03775737428220968
1991-06-01,-0.07045893412948602,-0.06979597613374307,-0.07931443841177387,-0.04064693916559534,-0.046903167991713,-0.059626584764521186,-0.05023832366516668,-0.03093745430184632,-0.03151747441267047
1991-07-01,0.04323561326224234,0.03391062384149778,0.06000699646577902,0.06567354182340568,0.030111743926546933,0.01884139099328208,0.03521746348355057,0.04737294312972677,0.02824323960331651
1991-08-01,0.030118012952094306,0.02657853383801087,0.04755051757477461,0.03622652695932525,0.021375779044011493,0.021009958412653355,0.00553206554570616,0.021853402591095555,-0.012711389750941538
1991-09-01,-0.024824374874144094,-0.036228540135550845,-0.039384816310095716,-0.031378449910905326,-0.04099366319400828,-0.04215470744534001,0.004060326994519711,-0.007283137901289135,-0.0027391831455927033
1991-10-01,0.007250479665754396,0.002951894142407897,0.012419798642472772,0.013390253064525421,0.029487647457479765,-0.0031122747899199185,0.012873120480550667,0.014868915985842099,0.007274738050132069
1991-11-01,-0.03977135524161363,-0.07727330254492941,-0.0632678358849458,0.0002951318842522874,-0.07640712606248803,-0.07656837910507697,-0.04238508875418764,-0.03341162859975856,-0.04786919393115629
1991-12-01,0.11054368850869073,0.16134830512709258,0.15435171584864574,0.1467658490772569,0.11633237565539961,0.11237686729789095,0.10445242665989457,0.07677976021848192,0.09614277641115168
1992-01-01,0.021923251861267378,0.01617802980806079,0.08036708428971699,-0.03596223087243893,0.02914092390635291,0.04778164510212621,-0.05667088855765675,-0.035340090438359166,-0.023283537230674497
1992-02-01,0.03395646207276747,0.07125064357058211,0.06885259692539689,-0.004141383430018339,0.00905853719247144,0.05903395163541658,-0.010758481366483644,-0.004848325179402228,0.03308627211768935
1992-03-01,-0.019772616586899026,-0.029619345263472742,-0.0035763406350786476,-0.02649418514153061,-0.009346270819263912,-0.007195764249487548,-0.017681154462730473,-0.02506780282734203,-0.022608820224307144
1992-04-01,0.006185745594907352,-0.006109597415632006,0.03264810540731234,-0.009998933971671647,0.021858304149716994,0.07366651906020516,0.0519938378180726,0.0573872722679458,0.06520266710136258
1992-05-01,-0.0015431636502311913,-0.0032240666035830007,-0.006650343254395992,0.014408224900887091,-0.0015607475314586771,-0.0033087803260980105,-0.005297667234502354,0.021368373633274068,-0.004676987736919406
1992-06-01,-0.01793439543635629,-0.010967896025769001,-0.02615908821691882,-0.02157578388425108,-0.02188058438678396,-0.01145380021823437,-0.00994426702962175,-0.015043456474925568,0.005698934293182184
1992-07-01,0.04825532535132006,0.026432091918711535,0.02477316722221789,0.0597266956589891,0.01431330107506787,0.023068728920924642,0.0574775784993227,0.04285848138537166,-0.0007165997732409431
1992-08-01,-0.030605672297329585,-0.03859766916925961,-0.0796917730768684,-0.012763993454468254,-0.041907288579562024,-0.05175257186664472,0.006512956172833161,-2.376492138682438e-05,-0.05480497789873722
1992-09-01,0.01209681010675578,0.03830625857931877,0.04420584355904566,0.007717941454855194,0.022865577909577932,0.019355360634230503,0.00554082127892992,0.009791954479823785,-0.01847824433475332
1992-10-01,0.026172897735949247,0.052849762404057504,0.047902949401064945,0.017141653485988832,0.011166059316094034,0.018148310899361503,-0.013488837286581451,-0.025601714656685804,-0.011618723060812375
1992-11-01,0.0570514475623414,0.06830956311955078,0.08113068806504128,0.02654665893002037,0.035090636361166716,0.0701078209192032,0.008467002146728473,0.015514612684357242,0.021595807776913684
1992-12-01,0.016149800357004165,0.02834682450537298,0.035887562465864255,0.004006636832359885,0.019174188490749956,0.013893398495580349,-0.006550882133853279,0.03164928869907335,0.035743576977021525
1993-01-01,0.002795204115612155,0.07585215145636691,0.08159061392693714,-0.03311710857553907,-0.010070974071190082,0.03255437413799235,-0.008408242736583037,0.021932503890691183,0.036236889251915
1993-02-01,-0.011622123357080736,0.015519926225212071,-0.0019573751924250437,-0.009156512860780477,0.008050831865490013,0.03464697680355211,0.025207420418927526,0.05346603275971469,0.037715376541351715
1993-03-01,0.025574718916430907,0.03168910981476506,0.03014397113393313,0.004839638899694033,0.03421793212340059,0.04037298588816854,0.014072777241713968,0.018607459964421185,0.026635802489055976
1993-04-01,-0.013520072144425965,-0.023024432174692595,-0.027355559146423344,-0.04384736388720503,0.017667552628035967,-0.0011439022193242732,-0.035888270254413074,-0.008920474100621823,-0.004494544730763252
1993-05-01,0.029728502654796457,0.043291393925406825,0.06400901446870184,0.03507036333488888,0.018432604914109932,0.02710897228307662,0.004800123204198823,0.026307612290452424,0.028541835043612844
1993-06-01,0.0030338567646138394,-0.0017228906796066476,0.025125502777604582,-0.031108875990858348,0.0003648549854300513,0.03156210042445853,0.017412279211362416,0.008193950400909518,0.009723396496235208
1993-07-01,-0.0038508517863996773,-0.019568350187194213,-0.002376422751495149,-0.03774434044964931,0.012332672430943506,0.03299933247666081,-0.004276749122126047,-0.003362583234079863,0.030424882017513755
1993-08-01,0.022148444097855876,0.05436873879815011,0.05856060514087618,0.03714355893473487,0.02312702506023716,0.043051906699735694,0.04443870787727315,0.033454768085666886,0.029028032648550448
1993-09-01,-0.01455427819346784,0.007596525371134959,0.03759680517895756,-0.02415025101984143,-0.0077969941498570675,-0.004119146771580977,-0.010553764457543524,-0.009871254942839974,-0.012851979344017902
1993-10-01,0.04752434473610889,-0.0015872622997010108,-0.0018530433605441917,0.04571585059677731,0.015307317311507737,0.05518211631063598,0.014675627961691372,-0.0052989323262446816,0.06010847015305996
1993-11-01,0.020488058873944268,-0.0034680918601072744,0.0018738334381209342,0.017320887076805045,-0.010825654494002834,-0.003018968625772519,-0.03001269087082793,-0.021544648858257905,-0.019939062802110556
1993-12-01,0.02609324614497163,0.019965506445502965,0.04821815809531023,-0.004933430077936715,0.023283455183302933,0.010609353513658396,-0.0018297786308119133,0.009684282323251964,0.011685401965700249
1994-01-01,0.02074296738840856,0.043517650703013444,0.051267601045552946,0.009093834605408907,0.04093674055355866,0.05512979264562728,0.014756069302388613,0.0417273586477789,0.07670201945646203
1994-02-01,-0.04140483070963482,-0.008210820981264418,-0.0010226247954283046,-0.012993794266513549,-0.02655383195887497,-0.028300050976324796,-0.03955431039230842,-0.03734753332674447,-0.023621929876129853
1994-03-01,-0.053189984473400516,-0.05162136823923382,-0.04580178424118362,-0.048935558217128104,-0.036279034171119856,-0.05653979935750378,-0.03259357383629092,-0.02963020296046814,-0.04556314677480771
1994-04-01,0.034550958573720834,0.010285097650005438,-0.010227027164415554,0.019400780250623677,0.011297807080116604,-0.011941640939934852,0.017307514983219852,0.015999554097668154,-0.0020640525452928805
1994-05-01,0.01597296785928073,0.012795333541476382,0.03677760622917898,0.018308585460419996,0.030047127134906704,0.009828258584026741,0.013942993758086926,0.014025247354949562,0.004820278785174317
1994-06-01,-0.009264129356885356,-0.043094551579110685,-0.02506194021769888,-0.022741612111584632,-0.029321327344206786,-0.033039334918054754,-0.013586582561820517,-0.03596577430056206,-0.018758525202840975
1994-07-01,0.043242343035394995,0.04997814031242324,0.0500368548424685,0.015671971761360592,0.03309261214409067,0.025050953950754948,0.030944212416668723,0.03853829896844512,0.01583281656106695
1994-08-01,0.048271209596312294,0.05175152062442125,0.049523449663699495,0.0451816619808115,0.01704464963023352,0.04804413655942689,0.0514068260572875,0.01763900403565457,0.015715189497738535
1994-09-01,-0.020789067920512765,-0.04834052261227856,-0.03260394254771665,-0.019443126481297257,-0.03418188637280795,-0.03491074392954493,-0.015015852207096624,-0.020964132894375202,-0.026217767384081665
1994-10-01,0.0012171404265759168,0.04565622411782515,0.030253816818163536,0.021454835474261146,0.022803309354905613,0.026178506505149225,0.031691799092203765,0.02508484966843225,-0.03357831303935535
1994-11-01,-0.031473455886444394,-0.04713039816053944,-0.021413511240557903,-0.018903197889878525,-0.054460874136371774,-0.06479260334335285,-0.02842136249373963,-0.04386614072209307,-0.044193655553932315
1994-12-01,0.005675598688382956,0.015138223677110822,0.01290168103014994,0.008995634008718112,0.041371617204298064,0.013257381303950249,0.0022209913280180626,0.0066451736592091784,0.027107060677818623
1995-01-01,0.019991646144051543,-0.00017807198964797655,0.019623128289089374,0.023126662599088764,0.005167531249241347,0.012138844772514264,0.037435266259065215,0.03999573015766429,0.04189051191962521
1995-02-01,0.04068326050386864,0.060177830821967385,0.06368991538070563,0.03343015895924367,0.043485204349519274,0.058380061976427436,0.021358971086196193,0.02736092390137147,0.03331427048045307
1995-03-01,0.024295401006674305,0.03241387756213161,0.04797936440265903,0.02381767545965259,0.007636447579748051,0.017595425956575497,0.03185064277406945,0.02978376703169007,0.01781131773089524
1995-04-01,0.033882566926205386,0.02439996603789935,0.07812645193738835,0.025157055814353745,0.018558580134839842,0.03065972292787083,0.027772688418268972,0.025740718446139368,0.01554374300491227
1995-05-01,0.03676154123141192,0.047121889675343816,0.030227517662268423,0.04780886052481722,0.02282087315171242,0.04441010601717557,0.027059916858451827,0.033307130590557385,0.05312382181298678
1995-06-01,0.023312846004753415,0.040896872437330714,0.06010944848736628,0.012509368146174666,0.005356690705226566,0.0328057606135043,0.02423721781945025,0.01059458101808601,0.008543372845776123
1995-07-01,0.01974698213843606,0.019578673656000425,0.045933310226722854,0.04298468555638079,0.024923852362689774,0.052461817917856354,0.023304767433026778,0.01952861377831442,0.025076683387285248
1995-08-01,0.010928580685849926,-0.0002398521611807732,-0.010300752482855464,-0.012261076534750705,0.02124124617050787,0.008935146599712503,-0.02002599330998658,1.8819449921514755e-05,0.0039515802831519104
1995-09-01,0.04922782247242964,0.0037189177048700586,0.01765832236912486,0.04369419441785721,0.05533713984452967,0.02591591297858864,0.06299396340337976,0.04696586627030411,0.0261816890753849
1995-10-01,0.007584132222960512,-0.002932212369724097,-0.0383076325146299,0.0031022857589754283,-0.021729845862083902,0.002562147299011457,0.0015408510136771698,-0.0028681249229209433,-0.017599540656757142
1995-11-01,0.032715942641459876,0.06561020262587254,0.04205515127826633,0.03789576987193479,0.050300431407865304,0.05349537608252472,0.04876838557791698,0.03599173970926464,0.047179230200404494
1995-12-01,0.013559221436035671,-0.012920802165429261,0.01159283524777103,0.00929924539528968,0.031129573721001454,-0.012024076559116664,0.025852882618675875,0.049845887066269565,0.027597599170024092
1996-01-01,0.04230371903903525,0.030097330876685452,0.03886730770003774,0.04025473392872279,0.01377261952178504,0.040992145337118945,0.04310174666276575,0.01718884977265958,0.035994026833091886
1996-02-01,0.025162246238754796,0.004391411847845157,0.031939036508857994,0.010825816170667173,0.0034800823908160564,-0.0019924714754021217,0.002608449794964384,-0.0197467346038714,0.025072257011955052
1996-03-01,0.01626135575747276,0.033318767392798855,0.04470603603903773,-0.016847759508012188,0.019683711698654967,0.03373581585446188,0.011911242667613571,0.00142084062491979,0.03348670933071812
1996-04-01,0.0018144299041509054,0.00021255043298474413,0.0192939314025376,0.015374020961438573,0.02043917741089415,0.04312055258435248,0.008203556709325273,0.004953749264828793,0.009968427242190925
1996-05-01,0.023549784243606646,-0.007753608837843405,0.009336731447139132,0.03063352111309953,0.03146438631228617,0.020749673221870914,0.02027246414218058,0.0380290974105938,0.01958195917736274
1996-06-01,-0.004808086038904741,-0.0053180781418168035,-0.038130527486420124,0.005937271126015083,0.017795789993841644,-0.036317667455270305,0.021655627681982932,0.029725966280460526,-0.01565947677254671
1996-07-01,-0.03118295293023378,-0.05788337083195874,-0.048866778815493755,-0.0391231811111328,-0.04532470392063671,-0.056278519868864674,-0.046325868681977106,-0.049736045399797445,-0.050191892156394434
1996-08-01,0.00800956946951022,0.04358662799182074,0.04048407695629242,0.007970920607877515,0.02679774495043596,0.05379301557106418,0.005266909700419923,0.02292907288662595,0.02718488589182948
1996-09-01,0.05759544820967804,0.030805924022426316,0.014986251360996294,0.054432591894032316,0.06632136600318027,0.03036010362827618,0.06586172457636386,0.054291738247727754,0.028303250416396225
1996-10-01,0.03199804983280684,-0.009570311123346954,0.019586003713309125,0.04716454730527019,0.03421236367568485,0.011330600343465055,0.029447700174319257,0.015908961538228548,0.005513104470387306
1996-11-01,0.07813791060825948,0.10066140024382962,0.09910160809570358,0.08267526250432562,0.07442347864741186,0.05346421945073851,0.07695199131381124,0.04282736866013278,0.05457567160539886
1996-12-01,-0.029705292491860557,-0.013939899741401052,-0.018836565443941175,-0.017817549201377375,-0.03617683098774078,-0.0284320225289045,-0.0281927390969932,-0.0010131085438166848,-0.021318097847195145
1997-01-01,0.07161677945091251,0.053895182232947904,0.052303920950321756,0.08284672284822397,0.04665025284551594,0.020589340214432327,0.06375662767918866,0.048989718600178166,0.03290801825918422
1997-02-01,-0.005899224314210494,-0.014939648749995219,0.03085729933654932,0.005780173859585252,0.03338275986688129,0.032749390562461324,0.008329605380811012,0.027977271334212676,0.023156325534737322
1997-03-01,-0.053598462994408555,-0.018466073851458945,-0.04291150141252715,-0.05225168957672341,-0.04577495472428856,0.005203465515923265,-0.012702665751929937,-0.06761892742416963,-0.04383955321128743
1997-04-01,0.08137043216501003,0.0431940864466391,0.03274402368428234,0.08432055377852708,0.011093448589035966,0.04617798172830725,0.04818408004003793,0.05032617634126488,0.034174574782425575
1997-05-01,0.06804093972414282,0.038847689839701965,0.07578568807130658,0.042149903175614546,0.07247763420034126,0.07214818354699784,0.053162216951852546,0.05994358812997935,0.06436624428235008
1997-06-01,0.05062360478572442,0.03290858008456017,0.038330598480550426,0.059899113681521614,0.04697078127200548,0.06509485541254506,0.03168100681547444,0.02643886205227132,0.05656406246228658
1997-07-01,0.1183857586973079,0.06201960779849844,0.07926796651330983,0.07479606769673222,0.08797232910166992,0.09341972262717006,0.07040899003823856,0.05567933313261639,0.0671515575856369
1997-08-01,-0.05757783415802463,-0.038205405310181524,-0.032457160026650285,-0.07348451686498482,-0.05346369190013356,-0.029965669759644546,-0.07442899635915388,-0.03325578301397908,-0.030407084101796406
1997-09-01,0.06746781352159784,0.04341873139379302,0.028798501364372196,0.04953501098025087,0.012647942589380533,0.06622365718850183,0.05207287100791652,0.04952190051722042,0.0395148432436588
1997-10-01,-0.021020360868202997,-0.0525881379896077,-0.07984226232053522,-0.03134615712592813,-0.03158170671691738,-0.007525134087421148,-0.01510139136874978,-0.03287102324477037,-0.02912580967392889
1997-11-01,0.06278333282623177,0.021208073041384765,0.01925772750619361,0.04968902445148213,0.007201360982835786,0.0721421598754884,0.0699867838391966,0.04938128548586377,0.020826779830259975
1997-12-01,0.01628433119899293,0.009366308521245866,0.01574067253268625,0.02035340681500476,-0.007992586066985887,0.018116905084198824,0.0244758046047212,0.016263474016707864,0.01673111034083334
1998-01-01,0.02909555316098346,0.008858889136443024,0.00889353969816672,0.040126259934056795,-0.0064601703071515,0.0012713972500510429,0.005568239915537685,-0.03143822882727575,-0.009315631703458418
1998-02-01,0.06470388434988159,0.07286444901888457,0.0996183951036714,0.058680198861142424,0.09310368926662752,0.07617856425090447,0.052717147243649655,0.050913625749096345,0.08901434618450486
1998-03-01,0.044021542466235,0.05258698893078609,0.07740775468132727,0.02623424040809256,0.05282771696054504,0.057952645032915924,0.0719235669861751,0.06745307241881102,0.051061491205217614
1998-04-01,0.018505927719883193,0.012885186398855447,0.013219313481945905,-0.010239773728075783,0.023334211879697135,0.014607346259967102,0.016709264666752113,0.007861714181961063,-0.008117828891580138
1998-05-01,-0.0248672678193155,-0.0059736001699809355,0.02175792387405285,-0.013584605778758444,2.0489045736733248e-05,0.006082304867647817,-0.03186430122481768,-0.019070782487468407,-0.00905314047069276
1998-06-01,0.05399506508933653,0.014659167729040752,0.023428775125924207,0.0785095448483914,0.011797796443669375,0.008582143241856102,0.025651885091885394,0.03864083689605401,0.009390894777523796
1998-07-01,0.014480506069308709,-0.01791025584291702,-0.08108891529689186,0.0005591002863563821,-0.04242567242506655,-0.050571343430429544,0.0067733528869031254,-0.02897253600321344,-0.018242717439556903
1998-08-01,-0.1509667556375144,-0.13710720847357,-0.1713347843466456,-0.16739280221320121,-0.14445966504543156,-0.15388463563711452,-0.09401739111015431,-0.050941773671583715,-0.10204437693737795
1998-09-01,-0.012399243331154898,0.05143618578543742,0.09799689874772535,0.09242864455917624,0.09258636839122575,0.01898563647847818,0.1039808022007496,0.04847935801508816,0.09047923447961775
1998-10-01,0.12870800812324024,0.13000653921196695,0.12928592333693573,0.06545425220579491,0.10211136661621183,0.05526934989553854,0.06900953676541353,0.07861135024368383,0.07603955598790507
1998-11-01,0.08263223561776999,0.056827343056191595,0.06435917708115252,0.08108059426161936,0.02543375842606329,0.08244093736301844,0.05499382807536503,0.04747000503275028,0.06644529763155704
1998-12-01,0.03627827942486771,0.031106396500390116,-0.01754134697012373,0.09778071034485018,0.06096876178606728,0.01716256618852879,0.04774275963080128,0.0304751334477418,0.004610612693628807
1999-01-01,0.10855545119405859,0.05468863366067221,0.019440329164010554,0.08010687022128252,0.027075438340670686,-0.0648892741185326,0.007143160648131755,-0.028392877907564704,-0.011320891964952937
1999-02-01,-0.02577115821694915,0.0005841239190199224,0.024027084412138883,-0.04875939603922555,0.01082290312843117,-0.012266769481064206,-0.02143462485646248,-0.05630493348743039,-0.02050657741280358
1999-03-01,0.06373648595511576,0.030470547195337296,0.04370116485963015,0.048387871076172886,0.048539036847978875,0.04874154615125267,-0.02423129483214618,0.013333918995396812,0.0936915421038509
1999-04-01,0.02405113597562373,0.1006149115008984,0.19090421542131308,-0.02134279066134709,0.053972721149934975,0.1627311887877975,0.04704495851093259,0.10633739103836022,0.11591787712365803
1999-05-01,0.022259000369897933,-0.01940688980171929,-0.03861067922793555,-0.0350680984467068,-0.036055422181922786,-0.025255233616435935,-0.01934882920427715,0.01872099186549452,-0.009289821626305397
1999-06-01,0.12190109991557163,0.048417309239457015,0.041090775404186625,0.06820085724727812,0.016367448218876895,0.009165246263668665,0.0648617747008095,0.047015108634427566,-0.03437810547686797
1999-07-01,-0.03462927566000816,-0.025275115182669346,-0.03155799094219826,-0.024041768532435833,-0.032065269959607935,-0.005028242090536104,-0.03401436995473892,-0.01944650106177367,-0.0005675334959466456
1999-08-01,-0.014517567911684768,-0.00804018859191203,-0.010791924186692413,0.036620389639368,-0.03721491960607697,-0.03649938286729168,0.012380300095619783,-0.039862465812040525,0.0021809524164913014
1999-09-01,-0.03238455819567506,-0.038937416472401024,-0.0528547316066454,-0.021054770316491347,-0.047408870743317115,-0.03235532637772168,-0.023219400258950546,0.001247823142377126,-0.03832898898821167
1999-10-01,0.03568192432471706,0.10302172933096536,0.02362522379655884,0.08502014904218806,0.027936299319039286,0.006137409077548763,0.10187891839091401,0.028699713366644,-0.0015590310939214312
1999-11-01,0.04668822527840209,0.04072564570921946,-0.005239707377669994,0.07658945952075136,-0.007408798983684084,-0.041260205280422506,0.010352918901961407,-0.03162423993685893,0.020357877332058294
1999-12-01,0.06683532454646168,0.052796763690796285,0.0673688182510741,0.15523871588017574,0.01422143126156181,0.049061570839636796,0.05767694717809311,-0.021210104582431014,-0.017743265527578555
2000-01-01,-0.07033792517884367,-0.06431138636627236,-0.10368279603509038,-0.016348069447610615,-0.05367023951568144,-0.03604137242115093,-0.017967871559964134,-0.031143360679019284,-0.031937641957574966
2000-02-01,0.12615279398050652,-0.09408008734571115,-0.08398661186104166,0.0387768672228306,-0.11246209331461055,-0.0904847181628994,-0.01081542170673256,-0.13287853922837886,-0.07391594431143718
2000-03-01,0.1173096445058378,0.11604717121146366,0.11869642479429,0.10401317801789059,0.1325421045703812,0.19469962173520827,0.10327179983436464,0.06109942608640982,0.13058992331373556
2000-04-01,-0.010530970752880963,-0.020086234867126032,0.07957328060173097,-0.07786520637482902,-0.005046296613019995,-0.025515389304767867,-0.016386431440421494,0.04022742342811624,0.05784049183282531
2000-05-01,0.011349279146714089,0.012367104042806894,0.011304847312055086,-0.016461324795972076,0.04156676864223353,0.01720303029253491,-0.10105065588694087,0.05202434978865797,0.06043441334611408
2000-06-01,0.004823965585866478,-0.13133859326476838,-0.07089905849974178,0.09558067940628537,-0.03403469425572587,-0.04464137597905346,0.09326351297800697,0.04259286883120385,-0.028690215864245975
2000-07-01,0.03741526153567515,0.04058965010758786,0.06093788496260946,-0.02346377707926661,0.017675891666309358,0.032353636983864204,-0.022277870563939477,-0.05792936108251728,-0.014759700544477016
2000-08-01,0.08325401866148353,0.02975092346289836,0.06325306336657635,0.05015046470403268,0.016063468670624352,0.06404222756753951,0.0956078922466969,0.0035021301698270795,0.09150862783093877
2000-09-01,-0.0218685705517376,0.0029878195898158343,0.02016632207223091,-0.04880821687489643,0.08113109041353739,0.0006323939452695477,-0.15007334523115232,0.03806414292479148,0.09642277034514801
2000-10-01,-0.020573014558051186,0.05997324665799476,0.09846476527921524,-0.035720769620071625,0.06880873089039435,0.05890499800118363,-0.03545955627916722,0.051255751664699895,0.09670787526913631
2000-11-01,-0.09377907953319842,-0.02525836822357201,-0.004266044900613129,-0.048766604992580155,-0.0033507937589411937,0.001413392218648021,-0.16571317008422642,0.02310416880782029,0.016254044250073294
2000-12-01,0.1048021990852183,0.09358894922267189,0.11272450012579051,-0.03386457045444779,0.030735049505325473,0.06129177047978813,-0.03950103160081402,0.018164375676923385,0.03916238927866511
2001-01-01,0.0765126053182077,0.019329155990483605,-0.04225459173572971,0.09937431313984962,0.0013767217540885286,-0.03449735299970152,0.13604595016289117,-0.07429446186111721,-0.05907008561410243
2001-02-01,-0.09188166911377305,-0.008552628515776522,-0.022112503008362865,-0.07626206138213958,-0.01440317622950992,0.010573836358828697,-0.15934677707425607,0.0011865935000710767,0.014121971354166206
2001-03-01,-0.036365535514727335,-0.024141503236711465,-0.029530618447876772,-0.057294096798091,-0.03736196967825904,-0.027077627450660287,-0.08897801366900775,-0.07151950483347302,-0.020005780329883812
2001-04-01,0.09591976391525467,0.029252183159741346,0.029668829452139354,0.09828173143102098,0.037188860014590375,0.05728950384403271,0.12230695862868636,0.021795158774821605,0.03137378449367843
2001-05-01,0.03736262183485975,0.032771010955719986,0.025421004202248652,-0.002669080007459355,0.03864182458763639,0.03355151060195488,-0.028542551233945983,0.027863564878403243,0.011598615070651738
2001-06-01,-0.04417459454208885,-0.015595687204490094,-0.042514545490194275,-0.01599368922670971,-0.04000546686934028,0.002326813872438734,0.006884073740775947,-0.05767328409246223,-0.019539752522373114
2001-07-01,-0.009070136699417228,0.031092382740425546,0.032568257902998984,-0.01957368801423268,0.011182213644252051,-0.012550940406584204,-0.01246934207836558,0.06718984500989644,-0.011273601817992075
2001-08-01,-0.073478261082675,-0.03535295727681335,-0.01018364217819848,-0.07914891671717136,-0.03378829519636529,-0.015244821635219502,-0.10462129348116954,-0.026165666162210645,-0.008768801419019808
2001-09-01,-0.1485459121649125,-0.07553769261814677,-0.06826628743879372,-0.08654606487563651,-0.012926051618668987,-0.008765307483167529,-0.15596971742590807,0.004558866377853268,-0.028214727204360832
2001-10-01,0.06852335259961505,0.015051385071601076,-0.016548715160294918,0.08681246655855132,0.018580062100652866,-0.02330525999167411,0.029008519636727646,-0.025573979081776735,-0.0073104243031549086
2001-11-01,0.16217997316709762,0.09170449198984439,0.10706021516510122,0.1338435226954843,0.06732185256625615,0.073479457434536,0.10831101116202686,0.025280927043923547,0.006758229387438275
2001-12-01,0.02339292858899958,0.03329559287549806,0.03533442271302603,0.011483850846014842,0.01750038420583782,0.026713410694437452,-0.013620258260233617,-0.004629914608344282,0.02030752806048372
2002-01-01,-0.052410782348960225,0.017231678759197733,-0.012839293058846351,-0.02356206302231159,-0.005678591228778924,0.033130996917627484,0.01390680691824698,-0.006798281586743425,0.035399232135575644
2002-02-01,-0.07572085018259839,0.037687493835029375,0.045373040082267,-0.05608088724474181,0.03245501456271465,0.015195343689474086,-0.0171686352781136,0.026529513537088014,0.009302658819225502
2002-03-01,0.11802117898739835,0.05113649199713799,0.051477891757095384,0.043659484098309505,0.042535991071551635,0.055497072201703496,0.0002639398792318665,0.016969007238845268,0.033048225209811675
2002-04-01,-0.09684806118407246,-0.015842279935377377,-0.007792961929665583,-0.11130194601492756,0.0005611648716621668,0.005190375570972745,-0.07974720755296012,-0.03100224724336436,0.03544412936539651
2002-05-01,0.03536406917703848,0.005672750222550579,-0.007260863982473366,-0.022958806969024304,0.01275778717113914,0.02062258548835163,-0.01167424773541246,-0.010407829011803772,0.007881524895998299
2002-06-01,-0.09139774201347885,-0.03968463041990545,-0.04121059729410919,-0.07832708436030679,-0.044695877621656444,-0.02118487892650429,-0.04859066396482099,-0.07151089359231108,-0.06038094995651903
2002-07-01,-0.09473528031913048,-0.07799002055053358,-0.0965199510345019,-0.056447155940764784,-0.06966119762557406,-0.04931901183157261,-0.06337972259661051,-0.037290933097007276,-0.022856402905081088
2002-08-01,0.023372519581206064,0.0031637903127465384,-0.004213625991591235,0.028359542265255586,0.005348418593772563,0.02213884713280106,-0.0019349128844664543,0.007514729903969718,0.030197231782023277
2002-09-01,-0.14840353481541316,-0.09572983106115623,-0.11419228592411614,-0.12241485537012996,-0.09268821398199532,-0.10235327193406968,-0.10732433128201697,-0.04993568839676772,-0.10469853830088272
2002-10-01,0.17824143135891118,0.02731227673588793,0.07053661838261832,0.14888425802843924,0.0677604262673683,0.024838436851184923,0.12230083805603967,0.05302092493650262,0.056167678492836826
2002-11-01,0.16345255063662162,0.11563905624972418,0.1055815253525424,0.10055231733961406,0.041791075166814864,0.01960878766484453,0.045299665827512735,0.010874175561517475,-0.003123314078493071
2002-12-01,-0.15772590686307883,-0.08298192871704863,-0.06423925277966745,-0.09298982878419604,-0.03253328938171604,-0.024817552772472856,-0.038415310700772795,-0.015405816177967926,0.01604433409475876
2003-01-01,-0.007222939469956923,-0.023225404785954744,-0.025224205112453803,-0.04847514896290194,-0.018047038433918257,-0.023803609239081286,-0.02587751042536986,-0.03221522565393991,-0.012670663116764652
2003-02-01,0.01736170328701945,-0.033452926437812266,-0.04178998280792542,0.018247026664044524,-0.01827872403455376,-0.03408277313061637,-0.019796285515799553,-0.020141428318353166,-0.027927983230453868
2003-03-01,-0.00893466965750677,0.007712991715341543,-0.0001830426682986918,0.020304279302190347,-0.007732406108558908,-0.006333698224082627,0.03186616527049418,-0.004991031697221516,0.02421258819975007
2003-04-01,0.15742182022753706,0.1604538458001909,0.13282757139376344,0.08938534556166353,0.08654853165359039,0.09547128812436226,0.07261230106582295,0.04468704694830811,0.0556422807965208
2003-05-01,0.1275976096404073,0.09695270053065436,0.0909210424971938,0.024599514659816125,0.04269528916597367,0.1307783518528468,0.014060057190727058,0.07055426508492894,0.04955367097413841
2003-06-01,0.0028109979032198452,0.014360166728926958,0.03855463552082286,0.01726690136879452,0.020882979991249887,0.044575686247860784,0.02117465245681119,-0.009225111095023244,-0.016458876994280263
2003-07-01,0.10159510521001008,0.027990613588947534,0.04796027589289559,0.02371677139166326,0.048189290273060945,0.018755827913225213,0.009143061069180485,-0.006047865143428118,-0.008079478028715632
2003-08-01,0.09426942323439785,0.05501077842356008,0.06894625171164569,0.020407634587093857,0.02876095577613816,0.038494260762950476,-0.007328910150256473,0.0043268695179230696,0.012861853072500911
2003-09-01,-0.02938207805499035,-0.040487630290368545,-0.030782627218569655,0.009232956078291912,-0.02682174965436581,0.005952220092132226,-0.013194809671230883,0.0070530942036436135,0.0049820604834749215
2003-10-01,0.1427386257817731,0.10933354456228178,0.09632489439015678,0.052864685558666406,0.07397200126649417,0.07052284486980591,0.01971694871637007,0.055179711566825704,0.053399057255602095
2003-11-01,0.049830979329475125,0.006887791897754947,0.014706083519857258,-0.0007377479040474528,-0.002654017747883665,0.03843586939558941,-0.002014222001744008,0.010003643048342161,0.03029858975667289
2003-12-01,0.009205831624925234,0.05352122971846871,0.0954709223285519,0.055107669373160216,0.05190418531280702,0.06897757654340574,0.062218721733816575,0.049563274706898655,0.04519326735278363
2004-01-01,0.03809673874079488,0.008299912527918766,0.03658845841524211,0.04071576735959231,-0.0039827217111331,0.011794956986249983,0.01884064841062775,0.004475647654745599,0.0008924967557747474
2004-02-01,-0.02317067486241743,0.01641109336680198,0.023101682871057846,0.0017379206210759047,0.04518706630821436,0.021437417221547385,0.030009468824489776,0.01649071887535046,0.03739170273565501
2004-03-01,-0.03334191576101515,-0.0045938819797123,0.0028381285129558563,-0.02041725071600416,-0.010898374642884744,-0.007393555385663116,-0.027061497403490776,0.003132916987814309,-0.004008874973773045
2004-04-01,-0.08006332107952217,-0.04648850359470384,-0.022424178709517722,-0.010286079678815379,-0.0167585573866289,-0.024252358348922223,0.014924778483371233,-0.0016985445740318823,0.0053974783264372885
2004-05-01,0.07921985616095982,0.01449659753910811,0.023993706632746973,-0.005772378108334292,0.01786764728609632,0.020047622363773655,0.0031079838422798777,0.029049924704580003,-0.0028752686963028533
2004-06-01,0.022234662251458495,0.016254827739403725,0.05491921096086188,0.032595903443861554,0.01769573354630736,0.0381206511261123,0.012177793710775103,0.007606331459459865,0.019513142593358644
2004-07-01,-0.09881226289405301,-0.0493869896130097,-0.02554540209367473,-0.012948497347320738,-0.01309344183998621,-0.03081683557324933,-0.020565235017429306,-0.015982902036549087,-0.028418495148597223
2004-08-01,-0.05899186952268145,0.003692583644148763,-0.022376806126031483,0.0021395534857594507,0.01897802930614022,0.02187265725838669,0.009755153208740416,0.03168347683646128,0.022339642604786887
2004-09-01,0.012362981129395234,0.03479522565744073,0.027056548653696968,0.0032911554771441753,0.02431762063878558,0.0319436236474155,-0.008964130811552846,0.01100121230400393,0.016418796164003924
2004-10-01,0.06280073579347062,0.03558568485054694,0.01381905893593484,0.00889305555189201,0.022200636295620246,0.004500263080050398,0.007126187426081072,0.01426954058484396,0.004431484678558825
2004-11-01,0.025954026562038254,0.059107077585756965,0.05663037407212521,0.04376787582767361,0.04294301602191455,0.10364032574892446,0.010481956413402552,0.041521148772790104,0.04415981493456602
2004-12-01,0.0389085965933747,0.03081610370656206,0.031226541364069712,0.03697290321330685,0.029942511439936304,0.022236534320542522,0.0409312822919695,0.027065249405730105,0.021404269427543046
2005-01-01,-0.05211619047107233,-0.041068940070944346,-0.016597733235721786,-0.025175603462069,-0.011119227727690958,0.015229718994979428,-0.02418086452255862,-0.011669729837991392,0.01233082028000125
2005-02-01,0.004562444587514995,0.024851028527370585,0.023137887687365334,0.0007292810910371759,0.01737230773176192,0.04295725273087836,0.0052983208821016205,0.06237924254719084,0.05681093758964966
2005-03-01,-0.009664312227980427,-0.03785537989061143,-0.03355199678584325,-0.034807797031336206,-0.019184225566070866,-0.010060627122400382,-0.018866410931246864,-0.0070815274267144075,0.005575310414168807
2005-04-01,-0.025962875518500142,-0.036570954491141644,-0.04135721307950097,-0.017381363225471288,-0.02626364930960512,-0.032876464480277444,-0.007052512740428667,0.0027821884300617693,-0.0016458642301564051
2005-05-01,0.07307488815336229,0.04633800268171836,0.06545841783902039,0.028046288722733407,0.03768998915956861,0.041611749763527904,0.013914958288826294,0.013849645503057229,0.022527433006981196
2005-06-01,0.0018191081038255834,0.0006708465956280613,0.03167467436370777,-0.009469101632334326,0.010897284229797867,0.02846983854603046,-0.01475297004080181,0.010195738979069219,0.004953326840731753
2005-07-01,0.06062972949887657,0.06526072090331522,0.0783548343089057,0.03139469088563605,0.05266432422008996,0.0498856317846774,0.01597257690331102,0.028384153855236214,0.03300993997675771
2005-08-01,-0.012989309555307537,-0.034523416560697295,-0.01902419612268055,-0.01376627415708626,-0.019723838156412012,0.01557058181638853,-0.02465816670041113,-0.004494519526229699,0.022371392492533025
2005-09-01,0.01164634346830065,0.003873254163850334,0.003950859446803056,0.007640059527850875,0.011989133181912819,0.02660889505377083,-0.025443278874466256,0.02481402296884821,0.03830143551782444
2005-10-01,-0.009661612938808722,-0.0004327828510738039,-0.022395900458394694,-0.004653731205844513,-0.009245468861607226,-0.005568090966912744,0.0010386355307998637,-0.03858385290943838,-0.05403357347530183
2005-11-01,0.0676718143709871,0.0563088047823346,0.060950420956344044,0.04420762405867669,0.04066140807433217,0.03646850466172041,0.03484552309119811,0.016356528488933306,0.015721283268577215
2005-12-01,-0.018981272473891624,-0.004714238041053829,0.02396723241462488,-0.009971718497351017,0.012973399731969528,0.010319932122539014,-0.0008692417866389209,-0.008608173896097918,0.015870329509523544
2006-01-01,-0.009256895262680174,0.038219681239323115,0.0652236813413675,0.03183260887285806,0.020050846304985197,0.07363212868538992,0.002843225069988905,0.029379909032970802,0.06980133177162146
2006-02-01,0.012743982050354565,0.01648659824914766,-0.01792653394983268,0.016458827540609493,0.011438557186466497,-0.02539631669369379,0.006338056111732788,-0.0035414707965084886,-0.019567597135389976
2006-03-01,0.004471389408039523,0.03414841069604063,0.03236135802794339,0.013247009508045271,0.021067303130705192,0.02538872774279044,0.005111339534114178,-0.015000336504132235,0.008794101628164042
2006-04-01,0.0070229498663348005,0.016320878591040176,0.014713926930771642,0.010261361900311534,0.012501759225916533,0.03257106306793425,0.006851469065333129,-0.004540021715894684,0.02234025071334571
2006-05-01,-0.06029580976463028,-0.04379903739549458,-0.03608977898410518,-0.02504811155332197,-0.03626153741636462,-0.04312949509425923,-0.017039912813879135,-0.026474005228358903,-0.016647918287747875
2006-06-01,-0.021469914253009287,-0.02227999684223873,-0.0005464189310853528,-0.004670001638097308,-0.011029729088242861,0.017842565185824406,-0.008343476926579836,0.011084521630719211,0.013584651763067505
2006-07-01,-0.027803822773386225,-0.008864385531774743,-0.04754970214985049,-0.006340510096054118,0.011534210495864148,-0.0074900243244525625,0.034999297938323806,0.030891552192219906,0.015459323526846664
2006-08-01,0.05186146056230486,0.04145240787017971,0.024934805156711842,0.03278169316992526,0.014880836552922837,-0.012660896593021463,0.02398334538532151,0.02502322477421171,0.03458341242778274
2006-09-01,0.04512370585231903,0.011836649987235461,0.023265135601806104,0.026509925099055778,0.03582302831013268,0.019289694504451147,0.026607438569336145,-9.65523786305416e-05,0.020267857586396074
2006-10-01,0.017116358803719763,0.04196982324659113,0.05075907432805854,0.04894857426189937,0.03493063065971142,0.039046507719980375,0.013019982901888372,0.015548555222987492,0.015903096411248083
2006-11-01,0.0369176738850529,0.01119548071272667,0.04587800985713635,0.02078276475706856,0.014253298158624087,0.04314894822556279,-0.0042945682444482875,-0.0087359724514912,0.021914736779659084
2006-12-01,-0.0011179544797984644,0.002612318377084949,-0.027082078096765744,0.010145577796801478,0.01865207462776639,0.007663274300697864,0.02998130153954191,0.017249178285675338,0.014350881419338511
2007-01-01,0.019873224957263704,0.03361233500933746,0.018432519655058235,0.007014482566104103,0.03170007705784855,0.015443773840749353,3.419649048071703e-05,0.019161091364381204,-0.009488857101582995
2007-02-01,-0.029039716086361328,-0.001536053152836865,-0.0025863516395994144,-0.04528508511216732,-0.014400836584494618,-0.020325707905460354,-0.03271877377970245,-0.007807756819985483,0.004193096254881899
2007-03-01,0.0049363212438285845,0.02734959787549436,0.0094015242063512,0.004262086688875377,-0.012017629909306021,0.021779134736571296,-0.0005478839436510456,0.009940142866144268,0.021025549529429477
2007-04-01,0.053355480357306084,0.034920970877865914,0.030614901854955724,0.049850861860532496,0.0344797895495775,0.050172178881506574,0.04397018658186727,0.031323517640440626,0.04169824060894687
2007-05-01,0.0434893512864226,0.03168538299177649,0.04474645638085354,0.02876527469073464,0.04162619064501199,0.05503768083859522,0.018616279915755058,0.013335270657001571,0.04292903734482179
2007-06-01,0.0036148660396434903,-0.016604935655112698,0.008162398279521036,-0.02855819390121097,-0.0037582957773899407,-0.00130370553384358,-0.03401280531955951,-0.019371183621260432,-0.031033050555692214
2007-07-01,-0.0014076035215588784,-0.04232647013163594,-0.016649184281784024,-0.03648546682178233,-0.02265670981313258,-0.048005789666631396,-0.028881499766666426,-0.04895022860422123,-0.03568634758592194
2007-08-01,0.011342474607326885,-0.003220093867345037,-0.013078464580024506,0.028634589591347803,0.013582264855360876,-0.005988312035803359,0.01952109858201847,0.0241360625451675,0.008318476125758374
2007-09-01,0.0518913835225153,0.025815666719807413,0.04120637376416338,0.03281830947740866,0.03465129320722676,0.023685270090103988,0.043483068009733936,0.02597305335781185,0.030658180473030337
2007-10-01,0.045679756618778294,0.004839339116956366,-0.018655541073554396,0.04623608430909568,-0.005760415923814892,0.026798843415886328,-0.013115933689617276,-0.004685707848381623,0.05027650091287785
2007-11-01,-0.049060434733859175,-0.07890876581595545,-0.08108293764676269,-0.04497694624276365,-0.060860216124956956,-0.020971621588225357,-0.026338543321428196,-0.011624487970766345,-0.0037730274374548614
2007-12-01,-0.000833079493134698,-0.005838472229694364,-0.04499232190077049,0.0137814284432136,-0.02487521549199106,-0.042554578751250065,-0.01670901834784096,-0.026079775128474154,0.0063409653753491
2008-01-01,-0.11500173231756541,-0.01657501586519436,0.05759742581911512,-0.08432393676948245,-0.027983354279069946,-0.026351010028861,-0.05741148043086285,-0.01861378321795951,-0.008899633140206364
2008-02-01,0.02142858483055886,-0.04805749992884972,-0.046648217793042845,-0.005405635525149412,-0.030803668546485054,-0.042383293663991954,-0.012332698385599923,-0.05576194196332514,-0.05948034570385333
2008-03-01,0.02643789068533461,-0.03897607697988709,-0.03040978862561462,-0.023797424867893054,0.005577622337094722,-0.028820279094808686,0.030379212464650085,-0.022135872502486227,0.008486035447035706
2008-04-01,0.07552057074333708,0.0772591299467168,0.10598463271009916,0.07405128906584527,0.06515344595626886,0.029441114113911128,-0.0006790618188125194,0.007177456980424105,0.05721771593402879
2008-05-01,0.04161241551826198,-0.02831252647859859,-0.004303238422239077,0.023605912556414952,0.013039180340009142,0.015215765159721926,0.009585349672657943,0.020258664214805423,-0.005042472712622994
2008-06-01,-0.06742633406148753,-0.14001268115038784,-0.10870096438553403,-0.03792663695330454,-0.0971509214701145,-0.1021576023991336,-0.07270138052464786,-0.06447650071524254,-0.11751651685127154
2008-07-01,-0.020013025119935045,0.04382400569304351,0.060196580282973464,-0.0031132294637706177,0.007009230246899674,0.1271303487720231,-0.060996640207513844,0.014524101089861597,0.07994848593510757
2008-08-01,0.022022692551859534,0.022655440305985302,0.009837148160724927,0.0171402357326568,0.03052291663161517,0.035263335059379605,0.0034262033733546814,0.021664626351553726,0.018948915951741578
2008-09-01,-0.16514046881135558,0.007697197885587785,0.02322666740412503,-0.09422742578984698,-0.09265158889483291,-0.012760491959876653,-0.08957543397526928,-0.035149705291768654,-0.03616650866009854
2008-10-01,-0.19009787601695013,-0.22952342554322322,-0.11006381975294786,-0.14436358397384708,-0.17567529841467053,-0.1250773526044524,-0.13676032307609098,-0.128634855970943,-0.13720668695792082
2008-11-01,-0.08660251907543744,-0.1349094524362353,-0.14381231399603744,-0.07877500777167729,-0.09508659465695438,-0.10901464926605088,0.011323133096157562,-0.015723818776133613,-0.08800442185603372
2008-12-01,0.019041098066599278,0.068979241751389,0.1258788530398705,0.010141888284054039,0.01353898092461761,0.05648117891737288,-0.0035973469845408577,0.013772155706001803,0.025150473308642958
2009-01-01,-0.020195771440751718,-0.08536403196508006,-0.1903914219786585,-0.0412301516041336,-0.14096647821388392,-0.04498288242715355,-0.0542784122860558,-0.05653644078635123,-0.1119703341396196
2009-02-01,-0.0318450757160722,-0.13028302843839318,-0.2390114608990419,-0.07148457902993198,-0.13267127128365894,-0.11625359475132672,-0.09882088387437106,-0.0694442418085039,-0.11312424494104356
2009-03-01,0.12980053274324949,0.14575936506716253,0.3511952665753096,0.12371408646029777,0.11333099900315556,0.12209830653234617,0.047235779728423424,0.05595478279878143,0.1100104583639952
2009-04-01,0.27491669065376173,0.2950362891094543,0.36332798450413867,0.09855510787831391,0.15810981341264585,0.18588251241558737,0.014419197195952353,0.0023882993160723146,0.08037830054096087
2009-05-01,0.06070641404764698,0.11900758113714008,0.1832420593623371,0.06474005520686164,0.03318078890810976,0.061779370888281115,0.0560610757592352,0.032224892181391275,0.05066298470441182
2009-06-01,-0.028242174349384683,-0.035185006865989424,0.03630352049088273,0.03127398194253474,0.014611817475672148,-0.011061769853774014,0.006848214060091906,0.01752205659132886,0.009307593259177085
2009-07-01,0.1192488348702656,0.13223893895931904,0.15575470748936646,0.07240347497596353,0.08576627400396274,0.09303830890353347,0.044948891684905276,0.06298231904450872,0.06959033125402582
2009-08-01,0.03569194672013336,0.09861768613445866,0.21009309404424198,0.03608248390238362,0.038408783093191276,0.06456143734809884,0.002916195440999855,0.011360958103517066,0.0428844301839913
2009-09-01,0.10868963009546154,0.058619665438257494,0.007290928275978386,0.055217882139558055,0.055401086085295696,0.008276011106412146,0.023171073506217263,0.013727014031173573,0.030620972859804023
2009-10-01,-0.047982770983165134,-0.0281617822101219,-0.10061258301240952,0.02286282813403197,-0.025249822788769596,-0.02418847196833326,0.00911266034486075,-0.006477591833094284,-0.027933176554126696
2009-11-01,0.07010658902148992,0.08776499011270841,0.06205192431366507,0.05730639254179451,0.07177168747415698,0.05980222326663078,0.06550580087908675,0.057503750174122806,0.07545072271712018
2009-12-01,0.009498148454550407,0.010352359345669943,-0.002483019243498457,0.04403700232655068,0.021318676646066233,0.030348451665763988,-0.0023922490286039173,0.02241675880279145,0.03264082274097835
2010-01-01,-0.02669985603621954,-0.0015751636078935169,-0.012293674932834559,-0.06468998036642992,-0.029876388865880208,-0.02879787662941697,-0.032720430557789136,-0.021416998992113828,-0.005922176309584273
2010-02-01,0.04498220106064669,0.035723602566942604,0.05795141369751826,0.04265590801144779,0.07398638361649822,0.030039225362110573,0.008853886883614564,0.016527549856929346,0.013885204750920694
2010-03-01,0.09385952254363847,0.10948846683803168,0.12010689258619373,0.061390686167715064,0.0856383921554572,0.07112141643213822,0.03416572746345054,0.03336328592356859,0.03812851625026428
2010-04-01,0.01984900264290182,0.06470856445107898,0.041575960903074506,0.040172275500388294,0.02663046379830443,0.006976920192774272,0.005137237307371128,-0.003984392836968021,0.007518755250164793
2010-05-01,-0.07170161775143755,-0.09679849473498438,-0.10294505012755878,-0.08898153180559543,-0.07932456332129927,-0.08137984448503,-0.061918463870693725,-0.07277534919356424,-0.06832211748976184
2010-06-01,-0.0827546158348378,-0.08916278728598477,-0.09337621107847184,-0.06706060096065694,-0.06736432346934919,-0.07028314129984486,-0.0218337320917934,-0.016182723233975255,-0.05518290292841754
2010-07-01,0.11825968000170196,0.12405596063962417,0.05845073133711272,0.0898732688950142,0.082389689883901,0.05846366665761583,0.06201773293069346,0.041413979867067414,0.05791776391879125
2010-08-01,-0.0538362958281232,-0.09442261732462356,-0.09472378968317056,-0.07239263341550237,-0.06317768312332538,-0.061213267737096656,0.004032522725498827,-0.014096315954021027,-0.03047266318184438
2010-09-01,0.13154559844357167,0.10153935852067147,0.09272646252998068,0.13227488931645845,0.09569217717119764,0.09861102125604254,0.06011160774434896,0.06417998373425357,0.08838580655495135
2010-10-01,0.05086399856126676,0.06335554400048367,0.009917018667215059,0.07231823008010746,0.03604586886020962,0.033795025318599986,0.03209677221424806,0.028058612803117344,0.031177086797877996
2010-11-01,0.03223223547332017,0.025230737917157565,-0.004158956905066443,0.008703025196222078,-0.006269150384739619,0.008556300892899032,0.0005363750325735547,-0.012751140196700459,-0.0216434053806236
2010-12-01,0.10352017229664559,0.07057633627344,0.15422805090238112,0.0770193461327138,0.07461955798836903,0.06428118422266038,0.049850258457007024,0.04478472725034599,0.064599905959714
2011-01-01,0.05313046371943821,0.03886991226296818,0.008490663389969426,0.029048012468444896,0.040179774116031394,0.033396718204098556,0.02101132110066549,-0.022269254286633157,0.04405845461675163
2011-02-01,0.039892578920028954,0.027384085869226273,0.025835647264002767,0.0314434060739234,0.032887206121343285,0.06000231354092278,0.03714733187092337,0.01710831000371969,0.040740578294573754
2011-03-01,-0.00743063098447653,0.003153418863145943,-0.029877041350335493,-0.010263684611746355,-0.013184085462814965,0.019185920962353203,0.010839216098427041,0.013668682189523008,0.01632795971679794
2011-04-01,0.009982206198478798,0.04015652585652598,-0.0026107497758207938,0.01726045982742836,0.039680445740211054,0.04396718112785172,0.03268910340521823,0.05865661159486709,0.043053285170927234
2011-05-01,-0.0258668886232357,-0.015464426282601808,-0.03914817893827826,-0.03344278487247529,-0.010854585640669386,-0.011823873622144767,-0.006057834996228176,0.020381587788818337,0.020792357088125824
2011-06-01,-0.014444482197526034,-0.0057673363528138386,-0.023946221234856443,-0.02017352805747993,-0.01285373911749527,-0.0009182538113470818,-0.016721736638248757,-0.012626739615703701,-0.01988635172722833
2011-07-01,-0.02589850651262688,-0.0339509672332235,-0.056279708969760284,0.016361143513901354,-0.04454881506463617,-0.033476164214094876,0.006824994668352426,-0.02504162289615528,-0.014627842065688481
2011-08-01,-0.0884987821180145,-0.08393403569616306,-0.13409094707363312,-0.07465691266118617,-0.06519916010439082,-0.04860500601737191,-0.014107256769128393,-0.012673362523534104,-0.025911838370979802
2011-09-01,-0.13402823502216235,-0.11109668014255958,-0.1333303724575115,-0.06846318550468448,-0.05202514633039113,-0.07867215400767444,-0.029581659507965825,-0.029878376167209807,-0.029829762391201126
2011-10-01,0.17495655999449783,0.1841160684536879,0.1816128429305538,0.14212410014110066,0.1347577179191271,0.14786652562694008,0.07924550926861945,0.054337137682984725,0.06085199781912298
2011-11-01,-0.015306482612497958,-0.012507786711219122,-0.05840651473344566,5.673718176384384e-05,0.009476559540206975,0.01570034888771219,0.0005791203747571132,0.0022323955893478044,0.027108233895252222
2011-12-01,-0.01762256046587059,0.028405047743177043,0.006919406640861143,-0.013162144810473706,-0.011492401640693803,0.03564062270221265,0.025689546952451455,0.029757432717968324,0.03599247873312327
2012-01-01,0.09228497847806136,0.08863110735983143,0.11964125180703622,0.07457221099427394,0.0619547222104459,0.0395730043846451,0.030374302598377867,0.004729161694379935,-0.004721381554411116
2012-02-01,0.04049685324240834,0.05745181003132393,0.07721977638891678,0.08555818527391118,0.035495804214139906,0.03955221136291583,0.023774618165262648,0.024839813355123842,0.02719514700029331
2012-03-01,0.02599196931651673,0.053569350648594596,0.04547377561085801,0.04411742123579443,0.021862162352785777,0.05034922551460617,0.03165486824528711,0.024456395850608888,0.034831907556308966
2012-04-01,-0.03377273779807531,-0.018178662193647797,0.009379763265629691,-0.019735583932976468,-0.008179941781638837,0.014953738503189113,0.00801916866586023,0.0021988630367357877,0.027776438847469942
2012-05-01,-0.11879512230492045,-0.11205838619783112,-0.09107115422416565,-0.05415884532658107,-0.08146244135697318,-0.040309319777049324,-0.03152483213294209,-0.017472440297449335,0.000813603947370464
2012-06-01,0.055398563606853676,0.025069511557086987,0.03758278671869298,0.03749367187541348,0.052488035229876766,0.04160270730947391,0.04454509374583592,0.04214599338140338,0.05136862079971655
2012-07-01,0.0059874409909254885,0.0092447067113221,0.000883472630293798,0.008474611795547184,0.009647213900800812,0.007336935893931404,0.027965736266718035,0.027609343547332736,0.03131306684771325
2012-08-01,0.03895871500646785,0.03134007358260428,0.04992601330025165,0.04480465005482396,0.03533331949034517,0.02355863639860007,0.020708459639352726,-0.002996945538920896,0.0028530218628445587
2012-09-01,0.04341734063655146,0.03378847116597265,0.03752567761621239,0.016624041032424482,0.02417951681972033,0.01154652123979707,0.02666474012285844,0.027795662812269997,0.014366395480014109
2012-10-01,0.01798313649432691,-0.020100956522310198,-0.02160564860645999,-0.03327742695386962,-0.007459879156431791,-0.012903184819394852,-0.027418516041338385,-0.005901491843245444,0.0014933866048257038
2012-11-01,0.01735475623016072,0.0033597479930314264,0.02697168976170471,-0.004081641098689416,0.01871717232832582,0.017948158663375905,-0.0007069124624740663,-0.0030086855166908534,0.004809473841132515
2012-12-01,0.05632033474334177,0.04189275319750342,0.05178227341910897,0.017292846795724688,0.001388109327877857,0.02727594163707909,-0.025760405852526428,-0.004445488844662732,-0.016310766848892377
2013-01-01,0.09047743019140903,0.06695949851407061,0.07972076885754047,0.057660559135059575,0.05312925034987161,0.04347743763191597,0.0186337840610311,0.06255150918141275,0.05279741234028827
2013-02-01,0.011659136501117771,0.002034056235249177,-0.010808213744157606,0.011491657241242546,0.029491511392873756,0.029897877145456216,0.00882464918268583,0.019762322378722615,0.03627792673122178
2013-03-01,0.02168431643194253,0.013028653243420495,0.039019614786903155,0.03334087568575937,0.03690971930101071,0.05407669181165476,0.04595928282079226,0.04125107285740197,0.05640243985004132
2013-04-01,-0.0005799030564436656,0.018602798815542623,-0.002769835566477291,0.042993308612245075,0.024894548049105496,0.023078351936712028,0.010397481857215164,0.040720587258006355,0.03229649983768752
2013-05-01,0.0708026527460102,0.0634253386041371,0.0682464916445857,0.045539300033924396,0.02542838092888123,0.03682880931513274,0.023248480269643372,-0.03336716470065878,-0.014776212143937904
2013-06-01,-0.026766955988190975,-0.029859883420799968,-0.03292351913293155,0.004619991230865282,-0.014322233869625965,-0.0006894125742641986,-0.023964481316980316,-0.0031985766402423087,0.014500875256549778
2013-07-01,0.076343628001461,0.05851738331170479,0.0726496001303355,0.03186639443479241,0.06369382354505443,0.05675222272574176,0.06305136152422525,0.030555782461786113,0.04390465713940851
2013-08-01,-0.03235835737239044,-0.016756848406020413,-0.007690165812206652,-0.03273931195931073,-0.033035472434520916,-0.026878983243445495,-0.010928591898940215,-0.04039529087133987,-0.04634237450823569
2013-09-01,0.03845788579617091,0.039792365628562545,0.04659151209249928,0.03642162454669321,0.04549796628674873,0.062090127923303824,0.020417012547320857,0.02435551980567741,0.0083996760960914
2013-10-01,0.030435871373820853,0.04961833402868179,0.04220592048944723,0.03556945811813732,0.04199213788935267,0.049881615734975814,0.06233304139178456,0.04843632174579415,0.060585697791335456
2013-11-01,0.05939550555256875,0.0162920032205959,0.03407344177441302,0.02734774824004837,0.03598147932442572,0.032296882590984545,0.04732915624681687,0.030335572321379543,0.0017671594792016982
2013-12-01,0.023604489798396654,0.04320128293900333,0.018319511826572526,0.04591655827409544,0.031315780619365546,0.024358733266252926,0.0315313777998841,0.008454096262338423,-0.005611441773442821
2014-01-01,-0.029562700006537948,-0.03224539403774125,-0.020575761931505503,-0.028984453232694468,-0.0391811112542169,-0.04177181906158087,-0.043033671878382355,-0.02831660722928821,-0.0044443297245053415
2014-02-01,0.039137230250738064,0.055702530693426025,0.08158533367579543,0.047418231693411084,0.04465718955160061,0.05024813892922598,0.046653608997610146,0.04020277172405076,0.02186903125339751
2014-03-01,0.019401280740136372,0.011456024721861184,-0.0026194604214896692,0.012624342220409267,-0.004554917247127781,0.009683168550028192,0.010434116554221537,0.03081202499438577,0.024204883559007486
2014-04-01,-0.024221461226797067,-0.004701022307247404,0.008374661943389325,0.02706702500054908,0.006304902152666199,0.015315624929646441,0.0051047513518662855,0.028857973247441878,0.023043847143590607
2014-05-01,0.01572936450807936,0.023436641805022994,0.038704549744892625,0.01686433799681849,0.034987535106220165,0.04828027816032724,0.026350806534676238,0.0038164006801611845,0.015978499052779673
2014-06-01,0.03221229201269639,0.05281351057423847,0.048479764916800956,0.017473318971105538,0.028983508597426252,0.00882590760927829,0.012780483282766444,0.008470404615848841,0.015201843354667444
2014-07-01,-0.00022494422420957973,-0.02427928743020305,-0.03125242438128431,-0.002352785175367654,-0.01302725048023235,-0.023581633745018586,0.006337590454363033,-0.018856782131165137,-0.03026530288102284
2014-08-01,0.043400186457436145,0.04165247931467539,0.03804828808486804,0.039016737505832164,0.022972407632897297,0.034951444193473874,0.053609048936376684,0.04282048050658401,0.03875734783070115
2014-09-01,-0.008993621667975423,-0.05142512184264101,-0.048078355405303363,-0.014232841261320359,-0.025106288233973678,-0.007166903513589499,-0.00678207010411227,0.010468971627691288,-0.0014800331489428292
2014-10-01,0.013887560946403268,0.01909795989486935,-0.014006497164697873,0.03180981450810872,0.021204729627577707,0.044249096858111424,0.03749121539303213,0.030670231165908286,0.051698334600515816
2014-11-01,0.013379314474871395,0.03778491378598403,0.021946449181847943,0.04246694189928758,0.00960681236334762,0.035445191262714525,0.03309557572485032,0.05414318314953867,0.02337089516468646
2014-12-01,0.009469033650119385,0.017419142397112175,0.00992617857033944,-0.013871828259626677,0.00860903060730346,-0.009682713767473941,0.0012629544327550936,-0.010492409195714154,-0.004353798982598665
2015-01-01,-0.06335929933975126,-0.025857344971909817,-0.024531690926517073,-0.02864450745531889,-0.02607867228806344,-0.019864624838760937,-0.043569095842494396,-0.014708755447017753,0.020163606571481123
2015-02-01,0.10845099154604512,0.06143766276944709,0.04833566321410417,0.0743414912205922,0.05893035021916789,0.058373043452377774,0.07756911721438403,0.04121469653694962,-0.006438984339938962
2015-03-01,-0.016364396273399695,-0.018994265344269453,-0.015896591951825335,-0.020452849035349375,-0.016101473067713874,-0.01068090664793957,-0.0189232639950632,-0.023383298521612444,-0.0016417593101566207
2015-04-01,0.04917332442775336,0.019873861620596976,0.015870354665549292,0.012427954288726678,0.006864424562936072,0.001715569328914107,0.030225997149729532,0.00038887730847717277,-0.019599414456837605
2015-05-01,0.013638805223274158,0.013948231088644632,0.029075494535644276,0.004008687388061009,0.018150971366873745,0.017051678837558454,0.012897821289364115,0.003470682704853997,0.02215287030300084
2015-06-01,-0.014229479783054168,-0.014583270764795394,-0.011351751182224439,-0.013470338591518811,-0.02261939548646526,-0.021339173082351944,-0.02191713092634001,-0.015535164863848688,-0.027067447522812788
2015-07-01,0.004546219935065313,0.00382495556322544,0.03967575217855655,0.02346850033215318,0.013124993329279001,0.04852313035760299,0.008762313819245145,0.02008902861415204,0.04796854433230516
2015-08-01,-0.07405454726856175,-0.05766822363519652,-0.06486618973270773,-0.05745357183053322,-0.0514633274482592,-0.0596349961319493,-0.06319373220573478,-0.06221276302773841,-0.03984037082982354
2015-09-01,-0.033960552885019535,-0.050985790097179524,-0.02742597486996118,-0.019225110115560308,-0.01808150565513462,-0.007314262974154012,-0.00985540614690165,-0.029827919515802468,0.006177920615893254
2015-10-01,0.09770948898458152,0.09087992604456901,0.10611817869675291,0.09731966332177397,0.08592232533324048,0.051413509644913716,0.09888334430693167,0.08042313513516014,0.03586714314761001
2015-11-01,0.022319770511643144,-0.0026780934353074423,0.010755123566372808,0.009224944219002162,0.006111821395229804,-0.0040631319028652975,0.014836816564548879,-0.011025995771286167,-0.013049579593784503
2015-12-01,-0.027968512275506445,-0.02491203026903187,-0.018479299664979704,-0.03725362399410929,-0.016420105678280377,-0.010850080142343652,-0.0038757865604943684,0.0022658723496892584,0.021814360110214526
2016-01-01,-0.12087250207826758,-0.05844027087022159,-0.055242527134539955,-0.07782154864029357,-0.029169519891943236,-0.014672709861477415,-0.05286165419906185,-0.0005221346963315746,0.02021688450451796
2016-02-01,0.0017399725206530352,0.0037159801288855613,0.02445099454457482,-0.0065527928520977465,0.0042540148183865326,0.01018854045914377,-0.007824429172144664,0.01749887133955832,0.006078109837229637
2016-03-01,0.08164933500656905,0.0820439312689021,0.08260877142910185,0.07954079339165447,0.060282018592772824,0.05646045542532364,0.06650564228999692,0.053419026876250636,0.07848020328872075
2016-04-01,0.05373204828985312,-0.01892885558888894,0.05772435431567276,0.02403828483460347,0.026884549078711472,0.022185982196077647,-0.011495643833189767,0.004330308950466886,-0.029353170930021714
2016-05-01,0.023872200312580107,0.03402428552758061,-0.003707767562756852,0.02818080842134685,0.02237403277179224,-0.009118014363853792,0.022870925738112172,0.009512440471033477,0.012377183907891129
2016-06-01,-0.046140554905324975,-0.019743091185298524,-0.012237214774974086,-0.011986418680627539,0.019858639473339042,0.01840133270893655,0.03362629588935644,0.0373678340390558,0.06906780295937558
2016-07-01,0.05642467417855017,0.05391051764839338,0.061456199672097374,0.05075758152569599,0.013664088231906235,0.032312860427183884,0.02371350953160953,0.02729839035370602,0.016066268811001927
2016-08-01,0.021882910495865607,0.013449054344009103,0.01506703959151632,0.020413606874730372,-0.012018650839101213,0.008352934824114377,0.005744247170290431,-0.022624641982331516,-0.035612350117683884
2016-09-01,0.02030143232405372,0.03169243991171385,0.01621527965427693,-0.003887398219722925,-0.010270447487336761,-0.0014139633918177174,-0.018803917087454297,-0.00505979140625474,0.0036632165340851714
2016-10-01,-0.013519133315736702,-0.005093010151646253,-0.037381397322409915,0.004557478757350573,-0.03934560527275542,-0.02738652111174336,-0.00460523859496692,-0.03772360253360624,-0.020019537411900802
2016-11-01,0.06595803737689968,0.04216562065602376,0.11996502947584624,0.0702071320540182,0.029107619910164483,0.07143508169278573,0.04086633644285356,0.02201647352221284,-0.006591291360560096
2016-12-01,0.01963790017826241,0.02055233076780507,0.009133555177639611,0.028480799572627984,0.006528452184594991,0.016710525545346744,0.02226232358128584,0.022977481940983216,0.032409332281896436
2017-01-01,0.019287541311464727,0.034328947717357235,0.0374566876780608,0.017594426054333815,0.027643853099120666,-0.00954154511634442,0.028070431433733296,0.010075234617040539,0.004402738928543541
2017-02-01,0.04707637058089027,0.0713903813406749,0.006304534418288748,0.03641408120896892,0.03977907826810379,0.038512315423142145,0.04436444136731699,0.03796332018847,0.032440465186861826
2017-03-01,0.0001429110544930918,0.027416714285576065,0.0011454039375505477,0.002213258365760376,-0.008290612380094261,-0.004503739175812722,0.007475764370638669,0.000764861313509276,-0.009149762345775499
2017-04-01,-0.0025498159496411188,0.00256569141333922,0.007187834177623623,0.013817941216770406,0.005292201996268089,0.013233721223954437,0.019294636536574344,0.009061194745660856,0.014200740488295225
2017-05-01,-0.0035365844336367335,0.05344702384576518,-0.004678918182074318,0.007200827929123371,0.019798295464906652,-0.00546286998768421,0.03839538439659252,0.0040513585864089445,0.01767571782938566
2017-06-01,0.016089655148033503,0.025300625333240796,0.012810148478392867,0.012172149041744159,0.013829874232178723,0.020265258145923126,-0.006099526937721699,-0.0041198490700351245,-0.002618761414534651
2017-07-01,0.028822527027194456,0.011500156481564671,0.00957743846629987,0.026659742325633087,0.01598691223593252,0.009398171197695804,0.023143190304734256,0.026301419086596577,0.021126374829054956
2017-08-01,-0.011660257285311164,0.038105334370393665,-0.021777822975908506,0.006401127261035563,0.0011960586033340143,0.007845947744338755,0.00048126142100974787,-0.011667217344495889,0.018765082016902135
2017-09-01,0.022389751302291996,0.044853775813915545,0.07779415372000738,0.025386862920201526,0.028432041323755566,0.04965717995568477,-0.004368977034498472,0.03096493365365417,-0.004956267037514084
2017-10-01,0.05152605297434955,0.013471072778478617,0.010458389516978181,0.0437270730917918,0.020957163241593763,0.014790603491955398,0.03205390297797179,0.009182090404873146,0.027365829491715607
2017-11-01,0.03225679256415711,0.04704919067463008,0.02481276797110706,0.023539710909663517,0.04254684247054271,0.014055769067103902,0.021692180117845405,0.056176194590191304,0.05991364448212562
2017-12-01,0.010266393477918715,0.03338225699660011,0.058277109958918195,0.009252980442272393,0.0027981720451246425,0.029185113409815167,0.006245642506624555,0.004891659730149542,0.004113273071641341
2018-01-01,0.06135413185403398,0.07235500207084561,0.040947435611366725,0.09014188219104097,0.05059694666760112,0.05107143070536772,0.0629168488384,0.028619318079438846,0.028273526100815863
2018-02-01,0.009346151107022537,-0.05178891179518954,-0.08090256516760136,-0.01141078928181951,-0.04015115435803959,-0.0631744432959265,-0.0422898705050425,-0.08619567257106955,-0.042544816007533084
2018-03-01,-0.04708845658812665,-0.035510054401631706,0.008575294049349999,-0.03959782788718966,-0.0266816812820196,-0.011538018402755633,-0.013892346374870213,0.005514802261187082,-0.019490745885346425
2018-04-01,0.006386896257912295,-0.011547178919793866,0.052933347623539656,-0.0016146441385229248,0.006540680482224769,0.03309409263947516,0.005633951877603651,-0.004898483482763243,0.010289112593755544
2018-05-01,0.02534537185295711,0.02093253276776926,0.022664646161380437,0.0566271764470705,0.008119892102169476,0.011523628887629447,0.02423751548653486,0.0010748491983613724,0.009128029855235451
2018-06-01,-0.0057966747720127375,-8.238526279557169e-05,0.0038308212789652657,-0.000458746521972748,0.011110801322182168,0.0072512160193376075,0.007591149226697725,0.03239660381480714,0.018931111554959926
2018-07-01,0.05074073067831363,0.056320873265895674,0.025434874105774344,0.053917812893414144,0.052269915554860644,0.03139201271000832,0.010790497342248934,0.045332373161507296,0.006706782025379786
2018-08-01,0.045840124817268006,-0.0005215026520417592,-0.00988612928592941,0.062173016312408895,0.03914250273927806,0.024740161884376805,0.022944704850810807,0.02474733669981286,0.026465921803807288
2018-09-01,0.001165840118444905,0.008502068200609867,0.016609749277045335,-0.005062148779294574,0.02610147443521823,-0.0024941929387958806,0.012002289062986282,0.0077370657484448335,0.008181711029036708
2018-10-01,-0.11292365270949839,-0.0869891213743715,-0.11286104464105015,-0.06488857436991062,-0.04812310339382162,-0.03703856190026578,-0.0703491518412941,0.016679430287934928,-0.021331931387100996
2018-11-01,0.03354607614772019,0.05007639431832791,0.008910433582338501,-0.015304700166068858,0.04064155782435107,0.027063991221974955,0.036021441408560374,0.03860038592312695,0.009046545057548538
2018-12-01,-0.09962785160187244,-0.10374669569660346,-0.12607940867335404,-0.09609405357360935,-0.09312835043480011,-0.09040797785974672,-0.07834860455535997,-0.0804711257808872,-0.07163165062660896
2019-01-01,0.1208690588444536,0.10605153736791806,0.13758031701547954,0.08990084594750183,0.06903717442713177,0.08461681797075363,0.06639946238861548,0.04258450982613996,0.07020723636409071
2019-02-01,0.0074892441983822125,0.02456499089170704,0.012934436540009918,0.02533836522393334,0.02771431830115435,0.04969739668279645,0.04762605568619254,0.04562196331104483,0.025376694950356892
2019-03-01,0.02013485377009159,-0.008001798355618149,0.011753775292257677,0.0018300687605581464,0.021992315509843985,0.010783856641824826,0.03682644644143102,0.02840814284838013,0.032544727308122356
2019-04-01,0.06611983864137665,0.04247768185614984,0.04386914182493308,0.04910520914480469,0.035453517177949506,0.00821486020849473,0.06118170431722054,0.018176692365711473,0.0172574773766789
2019-05-01,-0.10346938675960012,-0.08361276023573722,-0.09595638692523296,-0.07946516810829822,-0.051535018673297926,-0.05725788592484467,-0.05657286743661025,-0.023762740881545365,-0.019022273674170195
2019-06-01,0.09286221408405815,0.10806549504716412,0.0691944262061858,0.06418926586137032,0.07458836245401607,0.07296184603245914,0.0801758702832482,0.042566399193957265,0.03946226312751152
2019-07-01,0.010537515970809878,0.017779818188670627,-0.003398529328148308,0.019579385458596332,0.013024676768035261,0.019761839682926528,0.02853853210198374,0.0018557409669804857,0.008857105562232489
2019-08-01,-0.04655577333297702,-0.056645421527778406,-0.07927667484004328,-0.02629717048813955,-0.027415062929927146,-0.017318797884322442,0.006454048093616751,0.013962585394387146,0.038075956978169304
2019-09-01,0.026482059797418005,0.05948079276755932,0.03553162471318917,0.01210362885135197,0.03030577675618545,0.04349667724398025,0.015765009344016978,-0.010298058951600597,0.013016324014348334
2019-10-01,0.045701753033551284,0.020856496999187308,0.0016031114827188245,0.01886334473257579,0.011114107882453825,0.023440914699134858,0.03906244394072382,0.001606218968298065,0.006429122335791767
2019-11-01,0.04107200212253799,0.04604645388512341,0.049803275158171685,0.05147655410872927,0.018697360142870968,0.029793134420435994,0.05105929432863281,0.019317449709018837,-0.003618882730832512
2019-12-01,0.030602332182344122,0.028286609527425757,0.06497833104376004,0.04031458225518898,0.01657305469760066,0.022099120671250607,0.024115783028248863,0.029969315712026705,0.01724893286494528
2020-01-01,0.012897903397255203,-0.06925185092176166,-0.028432928473634596,0.027335895052083253,-0.01910163167469969,-0.03930897090878759,-0.001968614067187723,0.029782170571747448,0.00943318080864658
2020-02-01,-0.056328430949664374,-0.09363055989867419,-0.1350546241224294,-0.0854936466780517,-0.0767048702019381,-0.09401231346466316,-0.06986204268857124,-0.08515087470318324,-0.08424697722425607
2020-03-01,-0.10397389409367126,-0.20091622291242658,-0.3192830264865292,-0.09491352468766034,-0.14804359435507322,-0.12526372723270549,-0.08348512292640864,-0.0625422855445712,-0.05916084479505849
2020-04-01,0.12863410490707253,0.19333903182591258,0.27476124048784856,0.17374050229218385,0.10815102726445189,0.13515665138771063,0.1322601826028202,0.08965372873730877,0.08540184031754877
2020-05-01,0.058322825699360974,0.040866360278706486,0.04382411120205876,0.06843295370171365,0.06543340795921025,0.022887492752042552,0.03489934924532986,0.03938241107689976,0.040417658492482744
2020-06-01,0.014090122940181015,0.022951814409513535,0.10765549560473157,0.06968811624890556,0.0038421050969234594,-0.00959511260051801,0.025024868638897475,-0.015037707771420957,-0.025538327165281784
2020-07-01,0.05964319854197374,0.01583742968067242,-0.020726502698047194,0.1137972422226834,0.05774254844872678,0.020932485135061716,0.021555162609508204,0.07672828607452901,0.05395163733419318
2020-08-01,0.06070407643130328,0.054395166926493405,0.07377379664655145,0.13440371904364287,0.07491888469856195,0.04577068780332183,0.061474689344325706,0.04276798014223676,0.022290368001216577
2020-09-01,-0.0225771881073925,-0.04178161799301194,-0.06575963690386476,-0.063188194229738,-0.003004022276932699,-0.03048185694545284,-0.03263872505582903,-0.01377551422688189,-0.008521875580137712
2020-10-01,0.0026857203286592035,-0.014382763438909592,-0.010354506116742417,-0.024429383609625974,-0.01510155494869318,-0.0130130019434894,-0.0479901920576344,-0.027832651823424155,0.0036724969143079457
2020-11-01,0.15019353398597354,0.2440124088221456,0.27432911294895124,0.09275962059169969,0.14281784699308683,0.2061737358177284,0.0793206759248978,0.08331976940374271,0.05165135716536945
2020-12-01,0.06256195294984877,0.05000398995641697,0.0636311741324308,0.041285503555789485,0.05827900316854806,0.04787762030795943,0.03668752339425581,0.013182127924264249,0.024002987128665342
2021-01-01,-0.012042648427559905,0.02398030130759511,0.009953759366470142,-0.012933405911908495,-0.04346375604384983,-0.01903711547509166,0.01896399021624082,-0.0251012959521562,-0.022542770494801835
2021-02-01,0.10784392784207555,0.17517321420526427,0.19098624642732023,0.015341821300014437,0.06282694295384736,0.10557100520372922,-0.010059130206593441,-0.004405002425016836,-0.01084370577306857
2021-03-01,0.041253845617265174,0.05723427544331153,0.06158052274731628,0.030857690426103656,0.07671871599319546,0.060195273258334805,0.04366849687731983,0.06327985268940141,0.08194133789031154
2021-04-01,0.05126838584265442,0.029048793974468596,0.05646562884633578,0.08410680543642612,0.04270949818459394,0.0481617482082476,0.03357011952153134,0.06589789271632335,0.04843244336160049
2021-05-01,0.028545912384068582,0.046670855222683216,0.057829733595134665,-0.015022921605197446,0.0103523522740041,0.038782087622895575,0.011556314927673787,0.015829793847129292,-0.0023937585895872438
2021-06-01,0.0033053710895791766,-0.006726550896936954,-0.017580753106089784,0.0613024566423673,-0.002342170374933929,-0.022123524374701563,0.04845447351452768,0.008397680223626096,-0.008242254118121892
2021-07-01,0.013169826375413163,-0.028482785128291277,-0.026189998040235814,0.03207684212572372,0.036103957571585785,-0.002167114674090865,0.03621188261980524,0.03887549458382111,0.036269202495121416
2021-08-01,0.026512915099462978,0.013322920134264008,0.015244641578306815,0.043334577331693575,0.02025732116198311,0.031606421778020866,0.039479481790674203,0.019960518254228187,0.024191579818539016
2021-09-01,-0.03264561875589739,0.02062363363573597,0.018142356732054603,-0.06649996634268723,-0.049783447303510205,-0.015489593530995369,-0.055523700114653046,-0.04938861352704966,-0.04158828783736676
2021-10-01,0.03647993858479741,0.08118768555672601,0.04802288002436045,0.07306378803134803,0.050066726044459164,0.05431677196323456,0.1089985647848102,0.0535206095968328,0.054442272407065666
2021-11-01,-0.04794435576480377,-0.01535233372925991,-0.033033253145588956,0.04565241253395019,-0.0063878362503799815,-0.04742721738190451,-0.010885411987961374,0.00030616074324912954,-0.026035217174528537
2021-12-01,0.05167475762880071,0.05492488989481293,0.03329115486305742,0.05819467822457497,0.07148372423365824,0.05644833880413695,0.02133223157165506,0.08505677564199733,0.09242921297993999
2022-01-01,0.018102437731062286,0.024063573941769615,0.03836051003537213,-0.049300467606735024,-0.04986135359988556,-0.039103199552194295,-0.09050330821655785,-0.032365946758131044,-0.005955120534490009
2022-02-01,-0.01322452992381761,0.02052639210939824,0.029959667044811483,-0.06296489664395971,-0.029495261691197545,-0.014119014177894618,-0.021365381311283925,-0.019966720827644405,-0.0025400306505058445
2022-03-01,-0.013997744833678402,0.015089076166334498,0.029687704376765156,0.04079787732906945,0.028583610790905635,0.005024740596386134,0.05639123154149935,0.04164681222435877,0.05967075887657454
2022-04-01,-0.09468067349319842,-0.052584427248099086,-0.05256076578625533,-0.09834639444542073,-0.061105838443313375,-0.07094591414089449,-0.10781023782695637,-0.01732516648805877,-0.018348177923579005
2022-05-01,0.026503464294466806,0.05353304194157039,0.07062643234987706,-0.015527201371260705,0.008821926948036853,0.05587287653439178,-0.013608692566619267,-0.0030249079315113575,0.02175344618593808
2022-06-01,-0.13734562812523352,-0.15057001635715672,-0.15479875035085672,-0.06839439968765422,-0.08258494446061901,-0.1079061005284296,-0.053932615978552895,-0.046926570160411615,-0.05095765243760877
2022-07-01,0.1337963822851694,0.11163958716480571,0.07808099578257496,0.1362779358497612,0.08603536459629771,0.08416944125980894,0.11647416990215848,0.02294806462600054,0.010902624962641294
2022-08-01,-0.02392099466122521,-0.022081140603028578,0.026668234404154875,-0.056447689906486784,-0.047681387829272504,-0.01746403757559056,-0.055408099131512976,-0.029771388164180526,-0.018736713488303573
2022-09-01,-0.10825468977344495,-0.1017417845381854,-0.09956521794923073,-0.11727724205879193,-0.09280061039336955,-0.07559207149329619,-0.06732871215631868,-0.06922213701616187,-0.07520065623648961
2022-10-01,0.09473746675016692,0.16643458653961266,0.20973616289325156,0.05155303094720294,0.11937455979261712,0.15732208479490803,0.06948633241363686,0.07595614232458917,0.11123675915241574
2022-11-01,0.10105040165555285,0.04846564283734054,0.04688616144770016,0.05562278193990049,0.07677675590703494,0.07233622556189667,0.05558448118502562,0.04673963001823536,0.04458115670404938
2022-12-01,-0.07705349472253975,-0.055292000314083774,-0.0439927514389839,-0.09177206130261506,-0.03224776796653805,-0.0395292830712603,-0.05809383198108545,-0.026405002999438425,-0.018333466244121705
2023-01-01,0.11185587992897386,0.08157485263064428,0.09529802645866621,0.12208805982204017,0.05143012079623026,0.04497817337936126,0.05320927123127658,-0.02394030899235414,-0.004098445628130473
2023-02-01,0.01142191373916092,-0.03609654035032936,-0.05374364643474293,-0.0225656671494324,-0.02941003497716357,-0.027750537107123663,-0.044129284659800316,-0.029548032056375323,-0.040542495831771955
2023-03-01,0.06319753804732213,-0.04069791251827463,-0.03156599146610655,0.09560763733259081,0.018930391828558,-0.053040980187528564,0.08048185837814349,0.02993357541248956,0.003942102228461718
2023-04-01,-0.0007770045695307242,0.005805067814682972,-0.007855243593305956,0.007697192211955935,0.02748773163011938,0.0362423164149796,0.04292526707179818,0.030430660523363594,0.002753476956908236
2023-05-01,0.10616428407777784,-0.027906194949310067,-0.031889181135399215,0.07485088636688106,-0.05687560521782832,-0.06481501034185784,0.009884750715079726,-0.06806552604173699,-0.05857323601723353
2023-06-01,0.08970398228375266,0.08799249026429373,0.09171916790037506,0.06195144247568535,0.07672588352067043,0.06674996631449355,0.04720509496140751,0.02562046106782821,0.03536783280355309
2023-07-01,0.05185955150871923,0.046544956718936166,0.0634016252168468,0.03318906917942375,0.02413422673361174,0.048391302363990515,0.004292405768677254,0.012539985950740344,0.01868568857606943
2023-08-01,-0.005345593928733262,-0.048236221385373125,-0.010551072255482189,-0.012342874066417889,0.002625113896091884,-0.024081597499472526,0.00048370594240688177,-0.02915858395524314,-0.03451973209175457
2023-09-01,-0.08540394348316521,-0.04263828640858015,-0.016201523730814394,-0.07427613529964,-0.05048382006739393,-0.02385895955336713,-0.05287639192968924,-0.022594593891245456,-0.03538202414772227
2023-10-01,-0.04478282764046111,-0.05474249721848181,-0.05625075654151714,-0.016157372227989172,-0.02713812584009286,-0.03614108317371018,0.0093202122406114,-0.0010221076378478652,-0.013316696371859501
2023-11-01,0.1391694014111908,0.11885825838590497,0.0579799866414578,0.104988998455623,0.08948068256382279,0.052730768863270015,0.09441106484281597,0.0404676245233434,0.03199090832050819
2023-12-01,0.05883233274548143,0.08727763962446537,0.11252906400218184,0.04925323012843919,0.04481118191664465,0.06138631279277697,0.005689489458671582,0.025320206802117197,0.01701964829283313
2024-01-01,0.08843176298061532,-0.011093998653690443,-0.021866223244738518,-0.020809195686471587,0.019255068494387347,-0.012889557559890345,0.034958817880177746,0.024047713122141108,0.026923707008383528
2024-02-01,0.1360578513045362,0.04882359530215757,0.019076805724249354,0.04019135764939352,0.0457172222706965,0.040241920268613104,0.040478282398639875,0.006409991762608708,0.01837243686405494
2024-03-01,0.04423953015805491,0.04419067978353623,0.07286298102489941,0.015102921944713235,0.02654471093964747,0.06284683961300039,0.02000931762453268,0.030660857558979883,0.06015600813553243
2024-04-01,-0.046807352561524025,-0.06462806975277559,-0.05065243627389403,-0.016310946415509564,-0.05573059100025145,-0.04279258573676182,-0.053711514106127255,-0.02904727708042156,-0.02350949732938112
2024-05-01,0.1313585090292048,0.018234266026262786,0.04554275110572156,0.054908696448372304,0.013780877897607662,0.025917159917626116,0.049021898974392686,0.015389938230148264,0.009542337295936867
2024-06-01,0.089401666498284,-0.020668976710037118,-0.004165281930201369,0.07715501345804993,-0.009184834374605762,-0.013931070529202477,0.04879574184587432,-0.009597614535705215,-0.00792226415013633
2024-07-01,-0.013862486485627018,0.04832746208026126,0.06334742637587389,0.014507679886023313,0.0483719168102128,0.03268938598877775,-0.024288632696219732,0.0458148490668225,0.053478867391924874
2024-08-01,-0.0022769735158615534,0.01265490721039865,0.015973921572775624,0.010739491858280319,0.03278309747757378,0.002384052549527704,0.0291495341003304,0.04738127138953015,0.03377325755737286
2024-09-01,0.03808227526740139,0.02999620315208056,0.033437961375030606,0.03009748733020808,0.007234146954374075,0.006337793372488451,0.007354174443888192,0.0014650511745658915,0.008130634095904924
2024-10-01,0.017791047616007444,0.000448682477863018,-0.005453243295974156,-0.02022181813248237,0.0018951319059465352,-0.0013124841905440363,-0.022034517424982535,-0.028644903114215546,-0.004611536981287864
2024-11-01,0.05300163478750586,0.07087078824658928,0.07566501770384149,0.09165899255023442,0.07547641864622404,0.07735030810348537,0.03582768950605188,0.04222192269258167,0.01074255281556999
2024-12-01,-0.005415825173733669,-0.06902767264957066,-0.09558430051095543,0.049659062224840254,-0.056207294468909035,-0.09412919401985483,0.00236912995796067,-0.07175749252299797,-0.06793374070321423
